L,sigma,W(0),W(pi),Delta=W(pi)-W(0),preferred
0.7,0.7,-0.57238374,-3.3949824,-2.8225986,AB-like
0.7,0.7125,0.36276839,-3.6072582,-3.9700266,AB-like
0.7,0.725,1.6135469,-3.8003203,-5.4138671,AB-like
0.7,0.7375,3.2502772,-3.9647787,-7.2150559,AB-like
0.7,0.75,5.3558113,-4.0892659,-9.4450773,AB-like
0.7,0.7625,8.0274,-4.1601264,-12.187526,AB-like
0.7,0.775,11.378802,-4.1610661,-15.539868,AB-like
0.7,0.7875,15.542653,-4.0727584,-19.615411,AB-like
0.7,0.8,20.673131,-3.8724014,-24.545532,AB-like
0.7,0.8125,26.94893,-3.5332214,-30.482152,AB-like
0.7,0.825,34.576596,-3.0239173,-37.600513,AB-like
0.7,0.8375,43.794239,-2.3080409,-46.10228,AB-like
0.7,0.85,54.875676,-1.3433046,-56.21898,AB-like
0.7,0.8625,68.135036,-0.080812628,-68.215849,AB-like
0.7,0.875,83.931872,1.535794,-82.396078,AB-like
0.7,0.8875,102.67683,3.5712861,-99.105542,AB-like
0.7,0.9,124.83791,6.0998958,-118.73802,AB-like
0.7,0.9125,150.94744,9.2064782,-141.74096,AB-like
0.7,0.925,181.60968,12.987793,-168.62189,AB-like
0.7,0.9375,217.50928,17.55392,-199.95536,AB-like
0.7,0.95,259.42059,23.029812,-236.39078,AB-like
0.7,0.9625,308.21784,29.55701,-278.66083,AB-like
0.7,0.975,364.88633,37.295522,-327.59081,AB-like
0.7,0.9875,430.53479,46.425884,-384.10891,AB-like
0.7,1,506.40877,57.151417,-449.25735,AB-like
0.7,1.0125,593.9054,69.700703,-524.2047,AB-like
0.7,1.025,694.58949,84.330281,-610.2592,AB-like
0.7,1.0375,810.21104,101.3276,-708.88345,AB-like
0.7,1.05,942.72448,121.01422,-821.71026,AB-like
0.7,1.0625,1094.3094,143.74934,-950.56008,AB-like
0.7,1.075,1267.3934,169.93359,-1097.4598,AB-like
0.7,1.0875,1464.6767,200.01317,-1264.6635,AB-like
0.7,1.1,1689.1586,234.48437,-1454.6742,AB-like
0.7,1.1125,1944.1673,273.89841,-1670.2688,AB-like
0.7,1.125,2233.3904,318.8668,-1914.5236,AB-like
0.7,1.1375,2560.91,370.06699,-2190.843,AB-like
0.7,1.15,2931.2387,428.24861,-2502.9901,AB-like
0.7,1.1625,3349.3601,494.24019,-2855.1199,AB-like
0.7,1.175,3820.7715,568.95635,-3251.8152,AB-like
0.7,1.1875,4351.5306,653.40562,-3698.125,AB-like
0.7,1.2,4948.3053,748.6989,-4199.6064,AB-like
0.7225,0.7,-1.6832081,-3.1402259,-1.4570178,AB-like
0.7225,0.7125,-1.187688,-3.3616622,-2.1739742,AB-like
0.7225,0.725,-0.48935389,-3.5733986,-3.0840447,AB-like
0.7225,0.7375,0.45898353,-3.7685262,-4.2275098,AB-like
0.7225,0.75,1.7130387,-3.938622,-5.6516607,AB-like
0.7225,0.7625,3.3383307,-4.0735085,-7.4118392,AB-like
0.7225,0.775,5.4116257,-4.160983,-9.5726087,AB-like
0.7225,0.7875,8.0225582,-4.1865122,-12.20907,AB-like
0.7225,0.8,11.27545,-4.13289,-15.40834,AB-like
0.7225,0.8125,15.29135,-3.9798525,-19.271203,AB-like
0.7225,0.825,20.210309,-3.7036485,-23.913958,AB-like
0.7225,0.8375,26.193927,-3.2765585,-29.470485,AB-like
0.7225,0.85,33.42818,-2.6663597,-36.09454,AB-like
0.7225,0.8625,42.126576,-1.8357295,-43.962305,AB-like
0.7225,0.875,52.533649,-0.74158346,-53.275232,AB-like
0.7225,0.8875,64.928839,0.66565984,-64.263179,AB-like
0.7225,0.9,79.630786,2.4428922,-77.187894,AB-like
0.7225,0.9125,97.002073,4.6552158,-92.346857,AB-like
0.7225,0.925,117.45447,7.3769371,-110.07753,AB-like
0.7225,0.9375,141.45469,10.692662,-130.76203,AB-like
0.7225,0.95,169.53077,14.698504,-154.83227,AB-like
0.7225,0.9625,202.27905,19.503409,-182.77564,AB-like
0.7225,0.975,240.37183,25.230613,-215.14122,AB-like
0.7225,0.9875,284.56579,32.019243,-252.54654,AB-like
0.7225,1,335.7112,40.026063,-295.68514,AB-like
0.7225,1.0125,394.76203,49.427396,-345.33463,AB-like
0.7225,1.025,462.7869,60.421213,-402.36569,AB-like
0.7225,1.0375,540.98118,73.229422,-467.75175,AB-like
0.7225,1.05,630.68001,88.100359,-542.57965,AB-like
0.7225,1.0625,733.37265,105.31151,-628.06114,AB-like
0.7225,1.075,850.71797,125.17245,-725.54553,AB-like
0.7225,1.0875,984.56136,148.02807,-836.53329,AB-like
0.7225,1.1,1136.953,174.26208,-962.69096,AB-like
0.7225,1.1125,1310.1679,204.30074,-1105.8672,AB-like
0.7225,1.125,1506.7273,238.61704,-1268.1103,AB-like
0.7225,1.1375,1729.4219,277.73507,-1451.6869,AB-like
0.7225,1.15,1981.3376,322.23487,-1659.1027,AB-like
0.7225,1.1625,2265.8821,372.75762,-1893.1245,AB-like
0.7225,1.175,2586.815,430.01125,-2156.8038,AB-like
0.7225,1.1875,2948.2793,494.77647,-2453.5028,AB-like
0.7225,1.2,3354.8355,567.91334,-2786.9222,AB-like
0.745,0.7,-2.224542,-2.8864797,-0.66193773,AB-like
0.745,0.7125,-1.9998838,-3.108451,-1.1085672,AB-like
0.745,0.725,-1.6456041,-3.3274352,-1.6818312,AB-like
0.745,0.7375,-1.1297968,-3.5383865,-2.4085897,AB-like
0.745,0.75,-0.41469204,-3.7350986,-3.3204065,AB-like
0.745,0.7625,0.54422922,-3.9100183,-4.4542476,AB-like
0.745,0.775,1.7992325,-4.0540361,-5.8532686,AB-like
0.745,0.7875,3.4114514,-4.1562487,-7.5677001,AB-like
0.745,0.8,5.4521468,-4.2036934,-9.6558401,AB-like
0.745,0.8125,8.0041167,-4.1810497,-12.185166,AB-like
0.745,0.825,11.163273,-4.0703057,-15.233579,AB-like
0.745,0.8375,15.040402,-3.8503844,-18.890786,AB-like
0.745,0.85,19.763123,-3.4967283,-23.259851,AB-like
0.745,0.8625,25.47807,-2.9808366,-28.458906,AB-like
0.745,0.875,32.353315,-2.2697497,-34.623064,AB-like
0.745,0.8875,40.581049,-1.3254797,-41.906528,AB-like
0.745,0.9,50.380558,-0.10437683,-50.484935,AB-like
0.745,0.9125,62.001508,1.4435688,-60.557939,AB-like
0.745,0.925,75.727568,3.3755001,-72.352068,AB-like
0.745,0.9375,91.880413,5.7565443,-86.123868,AB-like
0.745,0.95,110.82412,8.6607508,-102.16337,AB-like
0.745,0.9625,132.97001,12.172123,-120.79789,AB-like
0.745,0.975,158.78197,16.38575,-142.39622,AB-like
0.745,0.9875,188.78224,21.40905,-167.37319,AB-like
0.745,1,223.55784,27.363131,-196.19471,AB-like
0.745,1.0125,263.76753,34.384283,-229.38325,AB-like
0.745,1.025,310.14943,42.6256,-267.52383,AB-like
0.745,1.0375,363.52936,52.258765,-311.27059,AB-like
0.745,1.05,424.8299,63.475981,-361.35392,AB-like
0.745,1.0625,495.0803,76.49209,-418.5882,AB-like
0.745,1.075,575.42721,91.546865,-483.88034,AB-like
0.745,1.0875,667.1464,108.90751,-558.23889,AB-like
0.745,1.1,771.65543,128.87137,-642.78406,AB-like
0.745,1.1125,890.52747,151.76889,-738.75858,AB-like
0.745,1.125,1025.5062,177.96677,-847.53939,AB-like
0.745,1.1375,1178.5218,207.87147,-970.65038,AB-like
0.745,1.15,1351.709,241.9329,-1109.7761,AB-like
0.745,1.1625,1547.4252,280.64849,-1266.7767,AB-like
0.745,1.175,1768.2715,324.56755,-1443.7039,AB-like
0.745,1.1875,2017.1144,374.29598,-1642.8184,AB-like
0.745,1.2,2297.1098,430.50133,-1866.6085,AB-like
0.7675,0.7,-2.431836,-2.6409075,-0.20907151,AB-like
0.7675,0.7125,-2.3723488,-2.8576687,-0.48531994,AB-like
0.7675,0.725,-2.2310382,-3.0760966,-0.84505838,AB-like
0.7675,0.7375,-1.9862013,-3.2925427,-1.3063414,AB-like
0.7675,0.75,-1.6120619,-3.5024685,-1.8904066,AB-like
0.7675,0.7625,-1.0781518,-3.7003009,-2.6221491,AB-like
0.7675,0.775,-0.34861328,-3.8792687,-3.5306554,AB-like
0.7675,0.7875,0.61858533,-4.0312183,-4.6498036,AB-like
0.7675,0.8,1.8725303,-4.1464072,-6.0189375,AB-like
0.7675,0.8125,3.470349,-4.2132715,-7.6836205,AB-like
0.7675,0.825,5.478313,-4.218166,-9.6964789,AB-like
0.7675,0.8375,7.9730692,-4.145074,-12.118143,AB-like
0.7675,0.85,11.043012,-3.9752833,-15.018295,AB-like
0.7675,0.8625,14.78981,-3.6870257,-18.476835,AB-like
0.7675,0.875,19.330098,-3.255076,-22.585174,AB-like
0.7675,0.8875,24.797363,-2.6503074,-27.44767,AB-like
0.7675,0.9,31.344015,-1.8391991,-33.183214,AB-like
0.7675,0.9125,39.143696,-0.78329118,-39.926987,AB-like
0.7675,0.925,48.393813,0.56141704,-47.832396,AB-like
0.7675,0.9375,59.318342,2.2451308,-57.073211,AB-like
0.7675,0.95,72.170904,4.3249909,-67.845913,AB-like
0.7675,0.9625,87.238155,6.8658774,-80.372278,AB-like
0.7675,0.975,104.84351,9.9412926,-94.902214,AB-like
0.7675,0.9875,125.3512,13.63433,-111.71687,AB-like
0.7675,1,149.17078,18.038735,-131.13205,AB-like
0.7675,1.0125,176.76199,23.260067,-153.50192,AB-like
0.7675,1.025,208.64008,29.416968,-179.22311,AB-like
0.7675,1.0375,245.38167,36.642549,-208.73912,AB-like
0.7675,1.05,287.6311,45.085901,-242.5452,AB-like
0.7675,1.0625,336.10736,54.913742,-281.19361,AB-like
0.7675,1.075,391.61158,66.312207,-325.29938,AB-like
0.7675,1.0875,455.0353,79.4888,-375.5465,AB-like
0.7675,1.1,527.36927,94.674505,-432.69477,AB-like
0.7675,1.1125,609.71317,112.12608,-497.58709,AB-like
0.7675,1.125,703.28603,132.12857,-571.15747,AB-like
0.7675,1.1375,809.43756,154.99794,-654.43962,AB-like
0.7675,1.15,929.66039,181.08407,-748.57632,AB-like
0.7675,1.1625,1065.6033,210.77384,-854.82948,AB-like
0.7675,1.175,1219.0856,244.49459,-974.59105,AB-like
0.7675,1.1875,1392.1125,282.71773,-1109.3948,AB-like
0.7675,1.2,1586.8916,325.96276,-1260.9288,AB-like
0.79,0.7,-2.4470063,-2.4079177,0.039088558,AA-like
0.79,0.7125,-2.4861906,-2.6157923,-0.12960167,AB-like
0.79,0.725,-2.4749068,-2.82848,-0.35357322,AB-like
0.79,0.7375,-2.3983286,-3.0433791,-0.64505047,AB-like
0.79,0.75,-2.2387751,-3.2572048,-1.0184297,AB-like
0.79,0.7625,-1.9752734,-3.4658766,-1.4906033,AB-like
0.79,0.775,-1.583066,-3.6643912,-2.0813253,AB-like
0.79,0.7875,-1.0330565,-3.8466785,-2.813622,AB-like
0.79,0.8,-0.29118729,-4.0054402,-3.7142529,AB-like
0.79,0.8125,0.68225757,-4.1319692,-4.8142268,AB-like
0.79,0.825,1.9334324,-4.2159462,-6.1493786,AB-like
0.79,0.8375,3.5158003,-4.245213,-7.7610133,AB-like
0.79,0.85,5.4911031,-4.2055202,-9.6966233,AB-like
0.79,0.8625,7.9304407,-4.0802448,-12.010686,AB-like
0.79,0.875,10.91547,-3.8500778,-14.765547,AB-like
0.79,0.8875,14.539732,-3.4926765,-18.032409,AB-like
0.79,0.9,18.910128,-2.9822797,-21.892408,AB-like
0.79,0.9125,24.148541,-2.289282,-26.437823,AB-like
0.79,0.925,30.393635,-1.3797634,-31.773399,AB-like
0.79,0.9375,37.802836,-0.21497067,-38.017807,AB-like
0.79,0.95,46.554509,1.2492538,-45.305255,AB-like
0.79,0.9625,56.850354,3.0631008,-53.787253,AB-like
0.79,0.975,68.918043,5.283484,-63.634559,AB-like
0.79,0.9875,83.014101,7.9747977,-75.039303,AB-like
0.79,1,99.427067,11.209746,-88.217321,AB-like
0.79,1.0125,118.48096,15.070252,-103.4107,AB-like
0.79,1.025,140.53904,19.648449,-120.89059,AB-like
0.79,1.0375,166.00796,25.047763,-140.9602,AB-like
0.79,1.05,195.34225,31.3841,-163.95815,AB-like
0.79,1.0625,229.0492,38.787126,-190.26208,AB-like
0.79,1.075,267.69424,47.401674,-220.29256,AB-like
0.79,1.0875,311.90667,57.389266,-254.51741,AB-like
0.79,1.1,362.38602,68.929765,-293.45625,AB-like
0.79,1.1125,419.90881,82.223176,-337.68564,AB-like
0.79,1.125,485.33602,97.491584,-387.84444,AB-like
0.79,1.1375,559.62104,114.98127,-444.63977,AB-like
0.79,1.15,643.81839,134.96498,-508.85341,AB-like
0.79,1.1625,739.09304,157.74441,-581.34863,AB-like
0.79,1.175,846.73058,183.65285,-663.07773,AB-like
0.79,1.1875,968.1481,213.05806,-755.09004,AB-like
0.79,1.2,1104.906,246.36537,-858.54063,AB-like
0.8125,0.7,-2.3557211,-2.1899859,0.16573518,AA-like
0.8125,0.7125,-2.451658,-2.3867694,0.064888611,AA-like
0.8125,0.725,-2.517739,-2.590415,-0.072676026,AB-like
0.8125,0.7375,-2.5438127,-2.7991034,-0.25529071,AB-like
0.8125,0.75,-2.5177102,-3.0104907,-0.49278054,AB-like
0.8125,0.7625,-2.4249339,-3.2216212,-0.79668732,AB-like
0.8125,0.775,-2.2483056,-3.4288271,-1.1805215,AB-like
0.8125,0.7875,-1.9675716,-3.6276168,-1.6600452,AB-like
0.8125,0.8,-1.5589581,-3.8125485,-2.2535904,AB-like
0.8125,0.8125,-0.99467408,-3.9770884,-2.9824143,AB-like
0.8125,0.825,-0.24235422,-4.1134519,-3.8710977,AB-like
0.8125,0.8375,0.73556218,-4.2124266,-4.9479888,AB-like
0.8125,0.85,1.9825241,-4.2631737,-6.2456978,AB-like
0.8125,0.8625,3.5486391,-4.2530078,-7.8016469,AB-like
0.8125,0.875,5.4915299,-4.1671517,-9.6586816,AB-like
0.8125,0.8875,7.877283,-3.9884643,-11.865747,AB-like
0.8125,0.9,10.7815,-3.6971388,-14.478639,AB-like
0.8125,0.9125,14.290461,-3.2703697,-17.560831,AB-like
0.8125,0.925,18.502405,-2.6819833,-21.184388,AB-like
0.8125,0.9375,23.528948,-1.902032,-25.43098,AB-like
0.8125,0.95,29.496636,-0.89634625,-30.392983,AB-like
0.8125,0.9625,36.548663,0.37395841,-36.174705,AB-like
0.8125,0.975,44.846747,1.9530221,-42.893725,AB-like
0.8125,0.9875,54.573193,3.8908343,-50.682359,AB-like
0.8125,1,65.933154,6.243885,-59.68927,AB-like
0.8125,1.0125,79.157101,9.0758758,-70.081226,AB-like
0.8125,1.025,94.503524,12.458499,-82.045025,AB-like
0.8125,1.0375,112.26188,16.472287,-95.789594,AB-like
0.8125,1.05,132.75581,21.20754,-111.54827,AB-like
0.8125,1.0625,156.34664,26.765335,-129.58131,AB-like
0.8125,1.075,183.4372,33.258624,-150.17858,AB-like
0.8125,1.0875,214.47594,40.813432,-173.6625,AB-like
0.8125,1.1,249.96145,49.570152,-200.39129,AB-like
0.8125,1.1125,290.44734,59.684954,-230.76239,AB-like
0.8125,1.125,336.54754,71.331311,-265.21623,AB-like
0.8125,1.1375,388.94199,84.701656,-304.24034,AB-like
0.8125,1.15,448.38287,100.00916,-348.37371,AB-like
0.8125,1.1625,515.70128,117.48969,-398.21159,AB-like
0.8125,1.175,591.81449,137.40387,-454.41062,AB-like
0.8125,1.1875,677.73373,160.03933,-517.6944,AB-like
0.8125,1.2,774.57263,185.7132,-588.85943,AB-like
0.835,0.7,-2.2095523,-1.9882542,0.22129809,AA-like
0.835,0.7125,-2.3358607,-2.1727775,0.16308325,AA-like
0.835,0.725,-2.4458527,-2.3654184,0.080434286,AA-like
0.835,0.7375,-2.5325783,-2.5649404,-0.032362095,AB-like
0.835,0.75,-2.5876518,-2.7697047,-0.18205295,AB-like
0.835,0.7625,-2.601027,-2.9776014,-0.37657437,AB-like
0.835,0.775,-2.560745,-3.1859714,-0.62522639,AB-like
0.835,0.7875,-2.4526488,-3.3915186,-0.93886976,AB-like
0.835,0.8,-2.2600641,-3.5902108,-1.3301467,AB-like
0.835,0.8125,-1.9634404,-3.7771684,-1.813728,AB-like
0.835,0.825,-1.5399505,-3.9465403,-2.4065898,AB-like
0.835,0.8375,-0.96304231,-4.091364,-3.1283217,AB-like
0.835,0.85,-0.20194011,-4.2034106,-4.0014705,AB-like
0.835,0.8625,0.77891113,-4.2730115,-5.0519226,AB-like
0.835,0.875,2.0204626,-4.2888658,-6.3093285,AB-like
0.835,0.8875,3.5697462,-4.2378266,-7.8075728,AB-like
0.835,0.9,5.4806319,-4.1046639,-9.5852958,AB-like
0.835,0.9125,7.8146664,-3.8718026,-11.686469,AB-like
0.835,0.925,10.641998,-3.5190328,-14.16103,AB-like
0.835,0.9375,14.042395,-3.0231904,-17.065586,AB-like
0.835,0.95,18.106374,-2.3578045,-20.464178,AB-like
0.835,0.9625,22.936428,-1.4927109,-24.429139,AB-like
0.835,0.975,28.648388,-0.39362603,-29.042014,AB-like
0.835,0.9875,35.372909,0.97831981,-34.394589,AB-like
0.835,1,43.257097,2.6670939,-40.590003,AB-like
0.835,1.0125,52.466296,4.722321,-47.743975,AB-like
0.835,1.025,63.186035,7.1998961,-55.986139,AB-like
0.835,1.0375,75.624153,10.162652,-65.461501,AB-like
0.835,1.05,90.01312,13.681089,-76.332031,AB-like
0.835,1.0625,106.61257,17.834169,-88.778396,AB-like
0.835,1.075,125.71203,22.710182,-103.00184,AB-like
0.835,1.0875,147.63393,28.40768,-119.22625,AB-like
0.835,1.1,172.73685,35.036508,-137.70034,AB-like
0.835,1.1125,201.41902,42.718903,-158.70012,AB-like
0.835,1.125,234.12215,51.590698,-182.53145,AB-like
0.835,1.1375,271.33557,61.802626,-209.53294,AB-like
0.835,1.15,313.60067,73.521723,-240.07895,AB-like
0.835,1.1625,361.51579,86.932851,-274.58294,AB-like
0.835,1.175,415.74137,102.24034,-313.50103,AB-like
0.835,1.1875,477.00565,119.66978,-357.33587,AB-like
0.835,1.2,546.1107,139.46989,-406.64081,AB-like
0.8575,0.7,-2.0392796,-1.8029634,0.23631623,AA-like
0.8575,0.7125,-2.179462,-1.9747751,0.20468691,AA-like
0.8575,0.725,-2.3121808,-2.1553909,0.15678991,AA-like
0.8575,0.7375,-2.432693,-2.3440069,0.088686122,AA-like
0.8575,0.75,-2.5352268,-2.5395108,-0.0042839455,AB-like
0.8575,0.7625,-2.6128192,-2.740428,-0.12760881,AB-like
0.8575,0.775,-2.6571316,-2.9448599,-0.28772834,AB-like
0.8575,0.7875,-2.6582439,-3.1504153,-0.49217136,AB-like
0.8575,0.8,-2.6044218,-3.3541319,-0.74971004,AB-like
0.8575,0.8125,-2.4818567,-3.5523896,-1.0705329,AB-like
0.8575,0.825,-2.2743739,-3.740812,-1.4664381,AB-like
0.8575,0.8375,-1.9631077,-3.914157,-1.9510493,AB-like
0.8575,0.85,-1.5261382,-4.0661944,-2.5400562,AB-like
0.8575,0.8625,-0.9380877,-4.1895695,-3.2514818,AB-like
0.8575,0.875,-0.16967186,-4.2756513,-4.1059794,AB-like
0.8575,0.8875,0.81279777,-4.3143644,-5.1271622,AB-like
0.8575,0.9,2.047965,-4.2940021,-6.3419671,AB-like
0.8575,0.9125,3.5800387,-4.2010198,-7.7810584,AB-like
0.8575,0.925,5.4594655,-4.0198066,-9.4792721,AB-like
0.8575,0.9375,7.7436722,-3.7324338,-11.476106,AB-like
0.8575,0.95,10.497883,-3.3183767,-13.81626,AB-like
0.8575,0.9625,13.796018,-2.7542099,-16.550228,AB-like
0.8575,0.975,17.721681,-2.0132713,-19.734953,AB-like
0.8575,0.9875,22.36924,-1.065294,-23.434534,AB-like
0.8575,1,27.845015,0.12399698,-27.721018,AB-like
0.8575,1.0125,34.268574,1.5933268,-32.675247,AB-like
0.8575,1.025,41.774154,3.3863532,-38.387801,AB-like
0.8575,1.0375,50.512206,5.5521944,-44.960012,AB-like
0.8575,1.05,60.651084,8.1460038,-52.50508,AB-like
0.8575,1.0625,72.378887,11.229597,-61.14929,AB-like
0.8575,1.075,85.905455,14.872134,-71.03332,AB-like
0.8575,1.0875,101.46455,19.150861,-82.313688,AB-like
0.8575,1.1,119.31621,24.151916,-95.164298,AB-like
0.8575,1.1125,139.74934,29.971202,-109.77813,AB-like
0.8575,1.125,163.08443,36.715338,-126.36909,AB-like
0.8575,1.1375,189.67664,44.502681,-145.17396,AB-like
0.8575,1.15,219.919,53.464442,-166.45455,AB-like
0.8575,1.1625,254.24594,63.745882,-190.50006,AB-like
0.8575,1.175,293.13712,75.507613,-217.62951,AB-like
0.8575,1.1875,337.1215,88.926995,-248.1945,AB-like
0.8575,1.2,386.78175,104.19965,-282.5821,AB-like
0.88,0.7,-1.8629594,-1.6337632,0.22919614,AA-like
0.88,0.7125,-2.0068319,-1.7928992,0.21393274,AA-like
0.88,0.725,-2.148973,-1.9611223,0.18785069,AA-like
0.88,0.7375,-2.2861691,-2.1379483,0.14822081,AA-like
0.88,0.75,-2.4144655,-2.3226567,0.091808775,AA-like
0.88,0.7625,-2.5290471,-2.5142484,0.014798673,AA-like
0.88,0.775,-2.6241042,-2.7113973,-0.087293122,AB-like
0.88,0.7875,-2.6926811,-2.9123959,-0.2197148,AB-like
0.88,0.8,-2.7265061,-3.1150939,-0.38858784,AB-like
0.88,0.8125,-2.7158007,-3.3168294,-0.60102877,AB-like
0.88,0.825,-2.6490662,-3.5143515,-0.86528533,AB-like
0.88,0.8375,-2.5128453,-3.7037338,-1.1908885,AB-like
0.88,0.85,-2.2914561,-3.8802777,-1.5888216,AB-like
0.88,0.8625,-1.966696,-4.0384051,-2.0717091,AB-like
0.88,0.875,-1.5175128,-4.1715381,-2.6540253,AB-like
0.88,0.8875,-0.91963982,-4.2719662,-3.3523263,AB-like
0.88,0.9,-0.14519166,-4.3306989,-4.1855072,AB-like
0.88,0.9125,0.837783,-4.3373022,-5.1750852,AB-like
0.88,0.925,2.0657951,-4.2797183,-6.3455134,AB-like
0.88,0.9375,3.5804596,-4.1440663,-7.7245258,AB-like
0.88,0.95,5.4290951,-3.9144228,-9.3435179,AB-like
0.88,0.9625,7.6653836,-3.5725804,-11.237964,AB-like
0.88,0.975,10.350094,-3.0977825,-13.447877,AB-like
0.88,0.9875,13.551878,-2.4664317,-16.018309,AB-like
0.88,1,17.348137,-1.6517711,-18.999908,AB-like
0.88,1.0125,21.82598,-0.6235343,-22.449514,AB-like
0.88,1.025,27.08326,0.65243616,-26.430823,AB-like
0.88,1.0375,33.229711,2.2146063,-31.015105,AB-like
0.88,1.05,40.38819,4.1062057,-36.281985,AB-like
0.88,1.0625,48.696026,6.3757237,-42.320302,AB-like
0.88,1.075,58.306485,9.0774492,-49.229036,AB-like
0.88,1.0875,69.390374,12.272057,-57.118317,AB-like
0.88,1.1,82.137771,16.027248,-66.110524,AB-like
0.88,1.1125,96.759909,20.418436,-76.341474,AB-like
0.88,1.125,113.49122,25.529504,-87.961712,AB-like
0.88,1.1375,132.59152,31.453613,-101.13791,AB-like
0.88,1.15,154.34845,38.294082,-116.05436,AB-like
0.88,1.1625,179.07999,46.16534,-132.91465,AB-like
0.88,1.175,207.13733,55.193951,-151.94338,AB-like
0.88,1.1875,238.90782,65.519723,-173.38809,AB-like
0.88,1.2,274.81822,77.296905,-197.52131,AB-like
0.9025,0.7,-1.6908568,-1.4799321,0.21092466,AA-like
0.9025,0.7125,-1.8322777,-1.6267493,0.20552837,AA-like
0.9025,0.725,-1.9756145,-1.7826555,0.19295901,AA-like
0.9025,0.7375,-2.1187181,-1.9474007,0.17131741,AA-like
0.9025,0.75,-2.2589026,-2.1205544,0.13834816,AA-like
0.9025,0.7625,-2.3928577,-2.3014722,0.091385459,AA-like
0.9025,0.775,-2.5165497,-2.4892576,0.02729214,AA-like
0.9025,0.7875,-2.62511,-2.6827189,-0.057608944,AB-like
0.9025,0.8,-2.7127092,-2.8803211,-0.16761192,AB-like
0.9025,0.8125,-2.7724167,-3.0801309,-0.30771418,AB-like
0.9025,0.825,-2.7960431,-3.2797559,-0.48371282,AB-like
0.9025,0.8375,-2.7739638,-3.4762761,-0.70231235,AB-like
0.9025,0.85,-2.6949229,-3.6661676,-0.97124464,AB-like
0.9025,0.8625,-2.5458144,-3.8452168,-1.2994024,AB-like
0.9025,0.875,-2.3114387,-4.0084261,-1.6969874,AB-like
0.9025,0.8875,-1.9742334,-4.1499083,-2.1756748,AB-like
0.9025,0.9,-1.5139744,-4.2627695,-2.7487951,AB-like
0.9025,0.9125,-0.90744495,-4.3389802,-3.4315353,AB-like
0.9025,0.925,-0.12807091,-4.3692317,-4.2411607,AB-like
0.9025,0.9375,0.85448198,-4.3427783,-5.1972603,AB-like
0.9025,0.95,2.0747516,-4.2472636,-6.3220152,AB-like
0.9025,0.9625,3.5719672,-4.0685288,-7.6404961,AB-like
0.9025,0.975,5.3905852,-3.7904021,-9.1809873,AB-like
0.9025,0.9875,7.5808766,-3.3944677,-10.975344,AB-like
0.9025,1,10.199571,-2.8598127,-13.059384,AB-like
0.9025,1.0125,13.310563,-2.1627499,-15.473313,AB-like
0.9025,1.025,16.985678,-1.2765142,-18.262192,AB-like
0.9025,1.0375,21.305518,-0.17093217,-21.47645,AB-like
0.9025,1.05,26.360376,1.1879398,-25.172437,AB-like
0.9025,1.0625,32.251237,2.8382088,-29.413028,AB-like
0.9025,1.075,39.090863,4.8225741,-34.268288,AB-like
0.9025,1.0875,47.004975,7.1887928,-39.816182,AB-like
0.9025,1.1,56.133541,9.9901866,-46.143354,AB-like
0.9025,1.1125,66.632163,13.28619,-53.345973,AB-like
0.9025,1.125,78.673593,17.142949,-61.530644,AB-like
0.9025,1.1375,92.449362,21.63396,-70.815402,AB-like
0.9025,1.15,108.17156,26.840776,-81.330779,AB-like
0.9025,1.1625,126.07472,32.853754,-93.220965,AB-like
0.9025,1.175,146.41793,39.772876,-106.64506,AB-like
0.9025,1.1875,169.48703,47.708625,-121.7784,AB-like
0.9025,1.2,195.59701,56.782939,-138.81407,AB-like
0.925,0.7,-1.5284811,-1.3405314,0.18794964,AA-like
0.925,0.7125,-1.663895,-1.4755895,0.18830542,AA-like
0.925,0.725,-1.8034776,-1.6195466,0.18393099,AA-like
0.925,0.7375,-1.9458223,-1.7723226,0.17349968,AA-like
0.925,0.75,-2.0891327,-1.9337004,0.15543223,AA-like
0.925,0.7625,-2.2311569,-2.1032986,0.12785824,AA-like
0.925,0.775,-2.3691146,-2.2805419,0.088572693,AA-like
0.925,0.7875,-2.4996138,-2.4646266,0.03498713,AA-like
0.925,0.8,-2.6185576,-2.6544829,-0.03592525,AB-like
0.925,0.8125,-2.7210399,-2.848731,-0.12769105,AB-like
0.925,0.825,-2.8012275,-3.0456329,-0.24440541,AB-like
0.925,0.8375,-2.8522297,-3.2430384,-0.39080877,AB-like
0.925,0.85,-2.8659517,-3.438324,-0.57237233,AB-like
0.925,0.8625,-2.832932,-3.6283252,-0.79539321,AB-like
0.925,0.875,-2.7421616,-3.8092617,-1.0671001,AB-like
0.925,0.8875,-2.5808825,-3.9766529,-1.3957703,AB-like
0.925,0.9,-2.3343659,-4.1252256,-1.7908597,AB-like
0.925,0.9125,-1.9856653,-4.248811,-2.2631457,AB-like
0.925,0.925,-1.5153448,-4.3402309,-2.824886,AB-like
0.925,0.9375,-0.90117928,-4.391172,-3.4899927,AB-like
0.925,0.95,-0.11782339,-4.392048,-4.2742246,AB-like
0.925,0.9625,0.86355155,-4.3318467,-5.1953983,AB-like
0.925,0.975,2.075657,-4.1979631,-6.2736202,AB-like
0.925,0.9875,3.5555255,-3.9760151,-7.5315406,AB-like
0.925,1,5.3449904,-3.6496424,-8.9946327,AB-like
0.925,1.0125,7.4912114,-3.2002855,-10.691497,AB-like
0.925,1.025,10.047249,-2.6069449,-12.654194,AB-like
0.925,1.0375,13.072691,-1.8459171,-14.918608,AB-like
0.925,1.05,16.634338,-0.89050747,-17.524845,AB-like
0.925,1.0625,20.806945,0.28928345,-20.517662,AB-like
0.925,1.075,25.674037,1.7271009,-23.946936,AB-like
0.925,1.0875,31.328788,3.4606069,-27.868181,AB-like
0.925,1.1,37.874977,5.5318832,-32.343093,AB-like
0.925,1.1125,45.428029,7.987869,-37.44016,AB-like
0.925,1.125,54.116144,10.880835,-43.235309,AB-like
0.925,1.1375,64.08151,14.268897,-49.812613,AB-like
0.925,1.15,75.481628,18.216571,-57.265057,AB-like
0.925,1.1625,88.490738,22.795378,-65.69536,AB-like
0.925,1.175,103.30136,28.084488,-75.216869,AB-like
0.925,1.1875,120.12595,34.171425,-85.954522,AB-like
0.925,1.2,139.1987,41.152821,-98.045884,AB-like
0.9475,0.7,-1.3784615,-1.2145121,0.16394941,AA-like
0.9475,0.7125,-1.5059615,-1.3384894,0.16747204,AA-like
0.9475,0.725,-1.6389509,-1.471049,0.16790198,AA-like
0.9475,0.7375,-1.7765421,-1.6122327,0.16430941,AA-like
0.9475,0.75,-1.9175629,-1.7619784,0.1555845,AA-like
0.9475,0.7625,-2.0605084,-1.9200986,0.14040982,AA-like
0.9475,0.775,-2.2034859,-2.0862567,0.11722919,AA-like
0.9475,0.7875,-2.3441529,-2.2599401,0.084212724,AA-like
0.9475,0.8,-2.479647,-2.4404295,0.03921749,AA-like
0.9475,0.8125,-2.6065082,-2.6267647,-0.020256522,AB-like
0.9475,0.825,-2.7205905,-2.8177061,-0.097115652,AB-like
0.9475,0.8375,-2.816964,-3.0116915,-0.19472756,AB-like
0.9475,0.85,-2.8898053,-3.2067878,-0.31698249,AB-like
0.9475,0.8625,-2.9322757,-3.4006371,-0.46836147,AB-like
0.9475,0.875,-2.9363848,-3.5903968,-0.65401199,AB-like
0.9475,0.8875,-2.8928408,-3.7726728,-0.87983198,AB-like
0.9475,0.9,-2.7908827,-3.9434455,-1.1525628,AB-like
0.9475,0.9125,-2.618096,-4.0979879,-1.4798919,AB-like
0.9475,0.925,-2.3602084,-4.230775,-1.8705666,AB-like
0.9475,0.9375,-2.0008649,-4.3353836,-2.3345187,AB-like
0.9475,0.95,-1.5213793,-4.4043817,-2.8830025,AB-like
0.9475,0.9625,-0.90046146,-4.4292076,-3.5287462,AB-like
0.9475,0.975,-0.11391774,-4.4000358,-4.2861181,AB-like
0.9475,0.9875,0.86567834,-4.3056306,-5.1713089,AB-like
0.9475,1,2.0693464,-4.1331851,-6.2025315,AB-like
0.9475,1.0125,3.5320939,-3.8681453,-7.4002393,AB-like
0.9475,1.025,5.2933474,-3.4940178,-8.7873652,AB-like
0.9475,1.0375,7.3974234,-2.9921586,-10.389582,AB-like
0.9475,1.05,9.8940426,-2.3415446,-12.235587,AB-like
0.9475,1.0625,12.838889,-1.5185226,-14.357412,AB-like
0.9475,1.075,16.294219,-0.49653743,-16.790757,AB-like
0.9475,1.0875,20.329526,0.75416464,-19.575361,AB-like
0.9475,1.1,25.022256,2.2668574,-22.755398,AB-like
0.9475,1.1125,30.45859,4.0786844,-26.379906,AB-like
0.9475,1.125,36.734293,6.2310372,-30.503256,AB-like
0.9475,1.1375,43.955626,8.7699662,-35.18566,AB-like
0.9475,1.15,52.24034,11.746624,-40.493716,AB-like
0.9475,1.1625,61.718749,15.217748,-46.501001,AB-like
0.9475,1.175,72.534886,19.246173,-53.288713,AB-like
0.9475,1.1875,84.847755,23.9014,-60.946356,AB-like
0.9475,1.2,98.832678,29.260191,-69.572486,AB-like
0.97,0.7,-1.2417102,-1.1007871,0.14092313,AA-like
0.97,0.7125,-1.3604311,-1.2144219,0.14600919,AA-like
0.97,0.725,-1.4853418,-1.3362427,0.14909911,AA-like
0.97,0.7375,-1.6159167,-1.4663773,0.14953937,AA-like
0.97,0.75,-1.7514225,-1.6048749,0.14654759,AA-like
0.97,0.7625,-1.890882,-1.7516894,0.13919263,AA-like
0.97,0.775,-2.0330327,-1.9066605,0.1263722,AA-like
0.97,0.7875,-2.17628,-2.0694923,0.10678766,AA-like
0.97,0.8,-2.3186448,-2.239729,0.07891572,AA-like
0.97,0.8125,-2.4577043,-2.4167276,0.040976714,AA-like
0.97,0.825,-2.5905261,-2.599627,-0.0091008689,AB-like
0.97,0.8375,-2.7135939,-2.7873139,-0.073719995,AB-like
0.97,0.85,-2.8227248,-2.978384,-0.15565922,AB-like
0.97,0.8625,-2.9129775,-3.1710993,-0.25812181,AB-like
0.97,0.875,-2.9785496,-3.3633399,-0.38479029,AB-like
0.97,0.8875,-3.012664,-3.5525509,-0.5398869,AB-like
0.97,0.9,-3.0074427,-3.7356834,-0.72824065,AB-like
0.97,0.9125,-2.9537672,-3.9091285,-0.95536131,AB-like
0.97,0.925,-2.8411243,-4.0686456,-1.2275212,AB-like
0.97,0.9375,-2.6574363,-4.2092816,-1.5518454,AB-like
0.97,0.95,-2.3888726,-4.3252833,-1.9364107,AB-like
0.97,0.9625,-2.0196446,-4.4099998,-2.3903552,AB-like
0.97,0.975,-1.5317779,-4.4557755,-2.9239976,AB-like
0.97,0.9875,-0.9048644,-4.4538335,-3.5489691,AB-like
0.97,1,-0.11578913,-4.394146,-4.2783569,AB-like
0.97,1.0125,0.86156781,-4.265294,-5.1268618,AB-like
0.97,1.025,2.0566576,-4.0543131,-6.1109708,AB-like
0.97,1.0375,3.5026191,-3.7465248,-7.2491439,AB-like
0.97,1.05,5.2366671,-3.325353,-8.5620201,AB-like
0.97,1.0625,7.3005162,-2.7721234,-10.07264,AB-like
0.97,1.075,9.7408415,-2.0658459,-11.806687,AB-like
0.97,1.0875,12.60978,-1.1829767,-13.792756,AB-like
0.97,1.1,15.965473,-0.097161145,-16.062635,AB-like
0.97,1.1125,19.872662,1.2210465,-18.651616,AB-like
0.97,1.125,24.403322,2.8044861,-21.598836,AB-like
0.97,1.1375,29.637361,4.6897205,-24.947641,AB-like
0.97,1.15,35.663367,6.9173914,-28.745975,AB-like
0.97,1.1625,42.57942,9.5326037,-33.046816,AB-like
0.97,1.175,50.493971,12.585341,-37.90863,AB-like
0.97,1.1875,59.526785,16.130915,-43.39587,AB-like
0.97,1.2,69.809962,20.230448,-49.579514,AB-like
0.9925,0.7,-1.118143,-0.99827959,0.11986345,AA-like
0.9925,0.7125,-1.2278678,-1.1023294,0.12553835,AA-like
0.9925,0.725,-1.3440732,-1.2141238,0.1299494,AA-like
0.9925,0.7375,-1.4664853,-1.333849,0.13263626,AA-like
0.9925,0.75,-1.5946788,-1.4616329,0.1330459,AA-like
0.9925,0.7625,-1.7280494,-1.5975312,0.13051824,AA-like
0.9925,0.775,-1.8657824,-1.7415124,0.12426995,AA-like
0.9925,0.7875,-2.0068173,-1.8934412,0.11337619,AA-like
0.9925,0.8,-2.1498085,-2.0530584,0.096750174,AA-like
0.9925,0.8125,-2.2930799,-2.2199597,0.073120175,AA-like
0.9925,0.825,-2.4345749,-2.393571,0.041003865,AA-like
0.9925,0.8375,-2.5718004,-2.5731208,-0.0013203566,AB-like
0.9925,0.85,-2.7017641,-2.7576094,-0.055845314,AB-like
0.9925,0.8625,-2.8209041,-2.9457747,-0.12487061,AB-like
0.9925,0.875,-2.9250116,-3.1360537,-0.21104214,AB-like
0.9925,0.8875,-3.009144,-3.3265399,-0.31739584,AB-like
0.9925,0.9,-3.0675295,-3.5149357,-0.44740626,AB-like
0.9925,0.9125,-3.0934605,-3.6985006,-0.60504013,AB-like
0.9925,0.925,-3.0791767,-3.8739923,-0.79481561,AB-like
0.9925,0.9375,-3.0157355,-4.037603,-1.0218675,AB-like
0.9925,0.95,-2.8928694,-4.1848887,-1.2920193,AB-like
0.9925,0.9625,-2.6988289,-4.3106909,-1.611862,AB-like
0.9925,0.975,-2.4202103,-4.4090511,-1.9888409,AB-like
0.9925,0.9875,-2.0417659,-4.4731167,-2.4313509,AB-like
0.9925,1,-1.546197,-4.4950376,-2.9488406,AB-like
0.9925,1.0125,-0.91392633,-4.4658531,-3.5519268,AB-like
0.9925,1.025,-0.12285,-4.3753683,-4.2525183,AB-like
0.9925,1.0375,0.85193409,-4.2120188,-5.0639529,AB-like
0.9925,1.05,2.038422,-3.9627232,-6.0011452,AB-like
0.9925,1.0625,3.4680263,-3.6127221,-7.0807484,AB-like
0.9925,1.075,5.1759271,-3.1454032,-8.3213303,AB-like
0.9925,1.0875,7.2014536,-2.5421105,-9.7435641,AB-like
0.9925,1.1,9.5884992,-1.7819373,-11.370437,AB-like
0.9925,1.1125,12.385971,-0.84150189,-13.227473,AB-like
0.9925,1.125,15.648277,0.30529689,-15.34298,AB-like
0.9925,1.1375,19.435857,1.6875431,-17.748314,AB-like
0.9925,1.15,23.815751,3.3375899,-20.478161,AB-like
0.9925,1.1625,28.86222,5.2913681,-23.570852,AB-like
0.9925,1.175,34.657413,7.5887208,-27.068692,AB-like
0.9925,1.1875,41.292088,10.273763,-31.018324,AB-like
0.9925,1.2,48.866387,13.395272,-35.471115,AB-like
1.015,0.7,-1.0071242,-0.90595311,0.10117106,AA-like
1.015,0.7125,-1.1080289,-1.0011678,0.10686112,AA-like
1.015,0.725,-1.2154382,-1.1036642,0.11177403,AA-like
1.015,0.7375,-1.3292523,-1.2136674,0.11558498,AA-like
1.015,0.75,-1.449261,-1.3313588,0.11790221,AA-like
1.015,0.7625,-1.5751227,-1.4568662,0.11825659,AA-like
1.015,0.775,-1.706341,-1.5902511,0.11608988,AA-like
1.015,0.7875,-1.842237,-1.7314956,0.11074142,AA-like
1.015,0.8,-1.9819198,-1.8804865,0.10143326,AA-like
1.015,0.8125,-2.1242519,-2.0369984,0.087253479,AA-like
1.015,0.825,-2.267811,-2.2006735,0.06713751,AA-like
1.015,0.8375,-2.4108472,-2.3709999,0.039847282,AA-like
1.015,0.85,-2.5512348,-2.5472868,0.0039479893,AA-like
1.015,0.8625,-2.6864193,-2.7286371,-0.042217777,AB-like
1.015,0.875,-2.8133575,-2.9139163,-0.10055875,AB-like
1.015,0.8875,-2.9284517,-3.1017186,-0.17326686,AB-like
1.015,0.9,-3.0274763,-3.2903288,-0.26285252,AB-like
1.015,0.9125,-3.1054963,-3.4776799,-0.37218363,AB-like
1.015,0.925,-3.1567782,-3.6613068,-0.50452866,AB-like
1.015,0.9375,-3.1746903,-3.8382945,-0.66360417,AB-like
1.015,0.95,-3.151594,-4.0052211,-0.85362707,AB-like
1.015,0.9625,-3.0787232,-4.1580953,-1.0793721,AB-like
1.015,0.975,-2.9460523,-4.2922875,-1.3462352,AB-like
1.015,0.9875,-2.7421515,-4.4024538,-1.6603023,AB-like
1.015,1,-2.4540274,-4.4824532,-2.0284258,AB-like
1.015,1.0125,-2.0669492,-4.5252561,-2.4583069,AB-like
1.015,1.025,-1.5642585,-4.5228455,-2.958587,AB-like
1.015,1.0375,-0.92716093,-4.4661072,-3.5389463,AB-like
1.015,1.05,-0.13449992,-4.3447117,-4.2102118,AB-like
1.015,1.0625,0.83749082,-4.1469844,-4.9844752,AB-like
1.015,1.075,2.0154563,-3.8597645,-5.8752207,AB-like
1.015,1.0875,3.4292126,-3.4682515,-6.8974642,AB-like
1.015,1.1,5.1120654,-2.9558389,-8.0679043,AB-like
1.015,1.1125,7.1011541,-2.3039323,-9.4050864,AB-like
1.015,1.125,9.4378265,-1.4917539,-10.92958,AB-like
1.015,1.1375,12.168044,-0.49612927,-12.664173,AB-like
1.015,1.15,15.342819,0.70874291,-14.634076,AB-like
1.015,1.1625,19.01869,2.1515396,-16.86715,AB-like
1.015,1.175,23.258235,3.8640828,-19.394152,AB-like
1.015,1.1875,28.13062,5.8816299,-22.24899,AB-like
1.015,1.2,33.7122,8.2431869,-25.469013,AB-like
1.0375,0.7,-0.90773941,-0.8228302,0.084909211,AA-like
1.0375,0.7125,-1.0002282,-0.9099339,0.090294321,AA-like
1.0375,0.725,-1.0990757,-1.0038523,0.095223356,AA-like
1.0375,0.7375,-1.204301,-1.1048341,0.09946686,AA-like
1.0375,0.75,-1.3158432,-1.2130963,0.10274687,AA-like
1.0375,0.7625,-1.4335452,-1.3288159,0.10472928,AA-like
1.0375,0.775,-1.5571357,-1.4521204,0.10501529,AA-like
1.0375,0.7875,-1.6862084,-1.5830768,0.10313165,AA-like
1.0375,0.8,-1.8201989,-1.7216791,0.098519873,AA-like
1.0375,0.8125,-1.9583585,-1.8678345,0.090523969,AA-like
1.0375,0.825,-2.0997248,-2.0213479,0.078376865,AA-like
1.0375,0.8375,-2.2430887,-2.1819036,0.061185144,AA-like
1.0375,0.85,-2.386958,-2.3490459,0.03791208,AA-like
1.0375,0.8625,-2.5295156,-2.5221569,0.0073587347,AA-like
1.0375,0.875,-2.6685746,-2.7004317,-0.031857027,AB-like
1.0375,0.8875,-2.8015269,-2.8828507,-0.081323825,AB-like
1.0375,0.9,-2.9252869,-3.0681495,-0.14286255,AB-like
1.0375,0.9125,-3.0362293,-3.2547841,-0.21855487,AB-like
1.0375,0.925,-3.1301196,-3.4408943,-0.31077472,AB-like
1.0375,0.9375,-3.2020383,-3.6242613,-0.42222303,AB-like
1.0375,0.95,-3.2462962,-3.8022622,-0.55596592,AB-like
1.0375,0.9625,-3.2563426,-3.9718194,-0.71547676,AB-like
1.0375,0.975,-3.2246628,-4.1293451,-0.90468229,AB-like
1.0375,0.9875,-3.1426667,-4.27068,-1.1280133,AB-like
1.0375,1,-3.0005663,-4.3910264,-1.3904601,AB-like
1.0375,1.0125,-2.7872414,-4.4848744,-1.6976331,AB-like
1.0375,1.025,-2.4900931,-4.5459222,-2.0558292,AB-like
1.0375,1.0375,-2.0948833,-4.5669875,-2.4721042,AB-like
1.0375,1.05,-1.58556,-4.5399118,-2.9543518,AB-like
1.0375,1.0625,-0.94406661,-4.4554562,-3.5113896,AB-like
1.0375,1.075,-0.15013442,-4.3031868,-4.1530524,AB-like
1.0375,1.0875,0.81894304,-4.0713513,-4.8902944,AB-like
1.0375,1.1,1.9885552,-3.746744,-5.7352992,AB-like
1.0375,1.1125,3.3870405,-3.3145597,-6.7016001,AB-like
1.0375,1.125,5.0459751,-2.7582347,-7.8042098,AB-like
1.0375,1.1375,7.0004852,-2.0592757,-9.0597609,AB-like
1.0375,1.15,9.2895858,-1.1970728,-10.486659,AB-like
1.0375,1.1625,11.956546,-0.14869884,-12.105245,AB-like
1.0375,1.175,15.049284,1.1113082,-13.937975,AB-like
1.0375,1.1875,18.620794,2.6111801,-16.009614,AB-like
1.0375,1.2,22.729607,4.3821713,-18.347436,AB-like
1.06,0.7,-0.81896093,-0.74800221,0.070958721,AA-like
1.06,0.7125,-0.90355969,-0.82768252,0.075877167,AA-like
1.06,0.725,-0.99426701,-0.91371802,0.08054899,AA-like
1.06,0.7375,-1.091182,-1.0063699,0.084812035,AA-like
1.06,0.75,-1.1943459,-1.1058771,0.088468858,AA-like
1.06,0.7625,-1.3037302,-1.212449,0.091281142,AA-like
1.06,0.775,-1.419222,-1.3262586,0.092963396,AA-like
1.06,0.7875,-1.5406089,-1.447433,0.093175855,AA-like
1.06,0.8,-1.6675605,-1.576044,0.091516509,AA-like
1.06,0.8125,-1.7996086,-1.7120964,0.087512166,AA-like
1.06,0.825,-1.9361245,-1.8555161,0.080608445,AA-like
1.06,0.8375,-2.0762935,-2.0061349,0.070158607,AA-like
1.06,0.85,-2.2190866,-2.1636755,0.055411097,AA-like
1.06,0.8625,-2.3632286,-2.3277329,0.035495683,AA-like
1.06,0.875,-2.5071628,-2.4977548,0.0094080483,AA-like
1.06,0.8875,-2.6490122,-2.6730195,-0.024007289,AB-like
1.06,0.9,-2.7865349,-2.8526108,-0.066075903,AB-like
1.06,0.9125,-2.9170766,-3.0353909,-0.11831439,AB-like
1.06,0.925,-3.0375168,-3.2199702,-0.18245346,AB-like
1.06,0.9375,-3.1442097,-3.4046731,-0.26046346,AB-like
1.06,0.95,-3.2329192,-3.5875016,-0.35458237,AB-like
1.06,0.9625,-3.2987471,-3.7660938,-0.4673467,AB-like
1.06,0.975,-3.3360543,-3.9376796,-0.60162537,AB-like
1.06,0.9875,-3.338374,-4.0990308,-0.76065687,AB-like
1.06,1,-3.298317,-4.246407,-0.94808998,AB-like
1.06,1.0125,-3.2074676,-4.375496,-1.1680283,AB-like
1.06,1.025,-3.05627,-4.481349,-1.425079,AB-like
1.06,1.0375,-2.8339035,-4.5583094,-1.7244059,AB-like
1.06,1.05,-2.5281475,-4.599935,-2.0717875,AB-like
1.06,1.0625,-2.1252332,-4.5989133,-2.4736801,AB-like
1.06,1.075,-1.6096829,-4.5469694,-2.9372865,AB-like
1.06,1.0875,-0.96413485,-4.4347655,-3.4706307,AB-like
1.06,1.1,-0.16915288,-4.2517919,-4.082639,AB-like
1.06,1.1125,0.79697995,-3.9862482,-4.7832281,AB-like
1.06,1.125,1.9584853,-3.6249152,-5.5834005,AB-like
1.06,1.1375,3.3423322,-3.1530154,-6.4953476,AB-like
1.06,1.15,4.9784995,-2.5540622,-7.5325617,AB-like
1.06,1.1625,6.9002597,-1.8096969,-8.7099566,AB-like
1.06,1.175,9.144486,-0.89951245,-10.043998,AB-like
1.06,1.1875,11.751983,0.19913691,-11.552846,AB-like
1.06,1.2,14.767844,1.5113407,-13.256503,AB-like
1.0825,0.7,-0.73974468,-0.68063345,0.059111233,AA-like
1.0825,0.7125,-0.81703351,-0.75353519,0.063498317,AA-like
1.0825,0.725,-0.90012093,-0.83234773,0.067773205,AA-like
1.0825,0.7375,-0.98915828,-0.91733694,0.071821337,AA-like
1.0825,0.75,-1.0842557,-1.0087533,0.075502395,AA-like
1.0825,0.7625,-1.1854726,-1.1068264,0.078646196,AA-like
1.0825,0.775,-1.292807,-1.2117589,0.081048053,AA-like
1.0825,0.7875,-1.4061833,-1.3237198,0.082463549,AA-like
1.0825,0.8,-1.5254383,-1.4428356,0.082602673,AA-like
1.0825,0.8125,-1.6503057,-1.5691825,0.081123231,AA-like
1.0825,0.825,-1.7803987,-1.7027752,0.077623485,AA-like
1.0825,0.8375,-1.9151898,-1.8435559,0.071633922,AA-like
1.0825,0.85,-2.0539894,-1.9913813,0.062608078,AA-like
1.0825,0.8625,-2.1959208,-2.1460085,0.049912326,AA-like
1.0825,0.875,-2.3398927,-2.3070782,0.03281453,AA-like
1.0825,0.8875,-2.4845689,-2.4740974,0.010471451,AA-like
1.0825,0.9,-2.6283341,-2.6464192,-0.018085193,AB-like
1.0825,0.9125,-2.7692565,-2.8232207,-0.05396415,AB-like
1.0825,0.925,-2.9050462,-3.0034779,-0.098431664,AB-like
1.0825,0.9375,-3.0330091,-3.1859393,-0.15293025,AB-like
1.0825,0.95,-3.1499961,-3.3690954,-0.21909939,AB-like
1.0825,0.9625,-3.2523474,-3.5511457,-0.29879823,AB-like
1.0825,0.975,-3.3358313,-3.7299619,-0.39413063,AB-like
1.0825,0.9875,-3.3955761,-3.9030485,-0.50747247,AB-like
1.0825,1,-3.4259965,-4.0674983,-0.64150176,AB-like
1.0825,1.0125,-3.4207128,-4.2199441,-0.79923139,AB-like
1.0825,1.025,-3.3724613,-4.3565064,-0.9840451,AB-like
1.0825,1.0375,-3.2729984,-4.472735,-1.1997366,AB-like
1.0825,1.05,-3.1129941,-4.5635465,-1.4505524,AB-like
1.0825,1.0625,-2.8819172,-4.6231554,-1.7412382,AB-like
1.0825,1.075,-2.5679093,-4.6449991,-2.0770898,AB-like
1.0825,1.0875,-2.1576483,-4.6216561,-2.4640078,AB-like
1.0825,1.1,-1.6362001,-4.544758,-2.9085579,AB-like
1.0825,1.1125,-0.98685756,-4.4048929,-3.4180353,AB-like
1.0825,1.125,-0.19096541,-4.1915008,-4.0005354,AB-like
1.0825,1.1375,0.77226881,-3.8927608,-4.6650297,AB-like
1.0825,1.15,1.9259798,-3.4954685,-5.4214483,AB-like
1.0825,1.1625,3.2958659,-2.9849033,-6.2807692,AB-like
1.0825,1.175,4.9104289,-2.3446852,-7.2551141,AB-like
1.0825,1.1875,6.8012321,-1.5566206,-8.3578527,AB-like
1.0825,1.2,9.0031793,-0.60053494,-9.6037142,AB-like
1.105,0.7,-0.66908559,-0.6199615,0.049124094,AA-like
1.105,0.7125,-0.73965654,-0.68668376,0.052972774,AA-like
1.105,0.725,-0.81568604,-0.75889257,0.056793468,AA-like
1.105,0.7375,-0.89735802,-0.83685269,0.060505329,AA-like
1.105,0.75,-0.98482749,-0.92081883,0.064008654,AA-like
1.105,0.7625,-1.0782132,-1.0110314,0.067181847,AA-like
1.105,0.775,-1.1775894,-1.1077114,0.069877991,AA-like
1.105,0.7875,-1.2829762,-1.2110552,0.071920991,AA-like
1.105,0.8,-1.3943288,-1.3212276,0.073101236,AA-like
1.105,0.8125,-1.5115258,-1.4383551,0.073170733,AA-like
1.105,0.825,-1.6343548,-1.5625172,0.071837661,AA-like
1.105,0.8375,-1.7624978,-1.6937375,0.068760287,AA-like
1.105,0.85,-1.8955135,-1.8319733,0.063540182,AA-like
1.105,0.8625,-2.0328181,-1.9771035,0.055714671,AA-like
1.105,0.875,-2.1736645,-2.1289161,0.044748433,AA-like
1.105,0.8875,-2.3171175,-2.2870933,0.030024198,AA-like
1.105,0.9,-2.4620279,-2.4511955,0.010832424,AA-like
1.105,0.9125,-2.6070032,-2.6206433,-0.013640102,AB-like
1.105,0.925,-2.7503745,-2.7946973,-0.044322872,AB-like
1.105,0.9375,-2.8901609,-2.9724364,-0.082275545,AB-like
1.105,0.95,-3.0240298,-3.1527331,-0.12870325,AB-like
1.105,0.9625,-3.1492533,-3.3342267,-0.1849734,AB-like
1.105,0.975,-3.2626594,-3.5152936,-0.2526342,AB-like
1.105,0.9875,-3.3605802,-3.6940151,-0.3334349,AB-like
1.105,1,-3.438793,-3.868141,-0.429348,AB-like
1.105,1.0125,-3.4924571,-4.0350507,-0.54259358,AB-like
1.105,1.025,-3.5160445,-4.1917104,-0.67566584,AB-like
1.105,1.0375,-3.5032636,-4.3346257,-0.8313621,AB-like
1.105,1.05,-3.4469763,-4.4597907,-1.0128145,AB-like
1.105,1.0625,-3.3391076,-4.5626318,-1.2235242,AB-like
1.105,1.075,-3.1705475,-4.6379468,-1.4673993,AB-like
1.105,1.0875,-2.931043,-4.6798383,-1.7487953,AB-like
1.105,1.1,-2.6090825,-4.6816419,-2.0725594,AB-like
1.105,1.1125,-2.191769,-4.6358474,-2.4440784,AB-like
1.105,1.125,-1.6646828,-4.5340141,-2.8693313,AB-like
1.105,1.1375,-1.0117336,-4.3666785,-3.3549449,AB-like
1.105,1.15,-0.2149988,-4.1232542,-3.9082554,AB-like
1.105,1.1625,0.7454497,-3.7919245,-4.5373742,AB-like
1.105,1.175,1.8917338,-3.3595252,-5.2512589,AB-like
1.105,1.1875,3.2483718,-2.8114186,-6.0597904,AB-like
1.105,1.2,4.8424977,-2.131358,-6.9738557,AB-like
1.1275,0.7,-0.60604663,-0.56529501,0.040751618,AA-like
1.1275,0.7125,-0.67047801,-0.62639055,0.044087456,AA-like
1.1275,0.725,-0.74001756,-0.69257144,0.047446119,AA-like
1.1275,0.7375,-0.81486792,-0.76409725,0.050770675,AA-like
1.1275,0.75,-0.89521197,-0.84122163,0.05399034,AA-like
1.1275,0.7625,-0.9812071,-0.92418886,0.057018238,AA-like
1.1275,0.775,-1.0729788,-1.0132299,0.059748853,AA-like
1.1275,0.7875,-1.170613,-1.1085579,0.062055174,AA-like
1.1275,0.8,-1.2741484,-1.2103629,0.063785471,AA-like
1.1275,0.8125,-1.383566,-1.3188063,0.064759691,AA-like
1.1275,0.825,-1.4987792,-1.4340138,0.064765414,AA-like
1.1275,0.8375,-1.6196216,-1.5560683,0.063553341,AA-like
1.1275,0.85,-1.7458334,-1.6850012,0.060832257,AA-like
1.1275,0.8625,-1.8770464,-1.820783,0.056263426,AA-like
1.1275,0.875,-2.0127674,-1.963313,0.04945436,AA-like
1.1275,0.8875,-2.152359,-2.1124071,0.039951909,AA-like
1.1275,0.9,-2.2950194,-2.2677848,0.027234599,AA-like
1.1275,0.9125,-2.4397589,-2.4290547,0.010704164,AA-like
1.1275,0.925,-2.5853744,-2.5956982,-0.010323809,AB-like
1.1275,0.9375,-2.730421,-2.7670512,-0.036630198,AB-like
1.1275,0.95,-2.8731813,-2.942285,-0.069103708,AB-like
1.1275,0.9625,-3.0116302,-3.1203836,-0.10875337,AB-like
1.1275,0.975,-3.1433977,-3.30012,-0.15672226,AB-like
1.1275,0.9875,-3.2657269,-3.4800295,-0.21430257,AB-like
1.1275,1,-3.3754285,-3.6583806,-0.28295209,AB-like
1.1275,1.0125,-3.4688308,-3.8331431,-0.36431227,AB-like
1.1275,1.025,-3.5417247,-4.0019527,-0.46022794,AB-like
1.1275,1.0375,-3.5893042,-4.162073,-0.57276888,AB-like
1.1275,1.05,-3.6061005,-4.3103538,-0.70425328,AB-like
1.1275,1.0625,-3.5859114,-4.4431847,-0.85727337,AB-like
1.1275,1.075,-3.521723,-4.5564463,-1.0347232,AB-like
1.1275,1.0875,-3.4056258,-4.645455,-1.2398291,AB-like
1.1275,1.1,-3.2287224,-4.7049048,-1.4761824,AB-like
1.1275,1.1125,-2.9810281,-4.7288031,-1.747775,AB-like
1.1275,1.125,-2.6513626,-4.7104009,-2.0590383,AB-like
1.1275,1.1375,-2.227233,-4.6421181,-2.4148851,AB-like
1.1275,1.15,-1.6947066,-4.5154614,-2.8207548,AB-like
1.1275,1.1625,-1.0382742,-4.3209363,-3.2826621,AB-like
1.1275,1.175,-0.24070145,-4.047952,-3.8072506,AB-like
1.1275,1.1875,0.71713129,-3.684718,-4.4018493,AB-like
1.1275,1.2,1.8564013,-3.2181331,-5.0745344,AB-like
1.15,0.7,-0.54977187,-0.51600999,0.033761877,AA-like
1.15,0.7125,-0.6086134,-0.57198612,0.036627283,AA-like
1.15,0.725,-0.6722152,-0.63267087,0.039544331,AA-like
1.15,0.7375,-0.74078893,-0.69831588,0.042473055,AA-like
1.15,0.75,-0.81453323,-0.76916994,0.045363294,AA-like
1.15,0.7625,-0.89362931,-0.84547629,0.04815302,AA-like
1.15,0.775,-0.97823589,-0.92746945,0.050766448,AA-like
1.15,0.7875,-1.0684835,-1.0153716,0.053111907,AA-like
1.15,0.8,-1.1644677,-1.1093882,0.055079444,AA-like
1.15,0.8125,-1.266242,-1.2097039,0.056538138,AA-like
1.15,0.825,-1.3738094,-1.3164763,0.057333093,AA-like
1.15,0.8375,-1.4871126,-1.4298305,0.057282074,AA-like
1.15,0.85,-1.6060239,-1.5498522,0.056171758,AA-like
1.15,0.8625,-1.7303332,-1.6765797,0.05375356,AA-like
1.15,0.875,-1.8597346,-1.8099957,0.049738991,AA-like
1.15,0.8875,-1.9938119,-1.9500174,0.043794504,AA-like
1.15,0.9,-2.1320219,-2.0964862,0.035535797,AA-like
1.15,0.9125,-2.2736765,-2.2491551,0.024521493,AA-like
1.15,0.925,-2.4179223,-2.4076761,0.010246176,AA-like
1.15,0.9375,-2.5637182,-2.5715855,-0.0078673043,AB-like
1.15,0.95,-2.7098109,-2.7402872,-0.030476296,AB-like
1.15,0.9625,-2.8547077,-2.9130354,-0.058327659,AB-like
1.15,0.975,-2.9966465,-3.0889145,-0.092267999,AB-like
1.15,0.9875,-3.1335627,-3.2668176,-0.13325489,AB-like
1.15,1,-3.2630535,-3.4454227,-0.18236916,AB-like
1.15,1.0125,-3.3823379,-3.6231663,-0.24082837,AB-like
1.15,1.025,-3.4882134,-3.7982149,-0.3100015,AB-like
1.15,1.0375,-3.577009,-3.968434,-0.39142504,AB-like
1.15,1.05,-3.6445327,-4.1313531,-0.48682046,AB-like
1.15,1.0625,-3.6860158,-4.2841291,-0.59811333,AB-like
1.15,1.075,-3.6960509,-4.423505,-0.72745408,AB-like
1.15,1.0875,-3.6685252,-4.5457657,-0.87724055,AB-like
1.15,1.1,-3.5965476,-4.6466901,-1.0501425,AB-like
1.15,1.1125,-3.4723697,-4.7214981,-1.2491284,AB-like
1.15,1.125,-3.2873004,-4.7647943,-1.4774939,AB-like
1.15,1.1375,-3.0316123,-4.7705056,-1.7388933,AB-like
1.15,1.15,-2.694442,-4.7318155,-2.0373735,AB-like
1.15,1.1625,-2.2636805,-4.6410906,-2.3774101,AB-like
1.15,1.175,-1.7258563,-4.4898036,-2.7639473,AB-like
1.15,1.1875,-1.066008,-4.2684481,-3.2024401,AB-like
1.15,1.2,-0.26754751,-3.966448,-3.6989005,AB-like
1.1725,0.7,-0.49949007,-0.47154529,0.027944783,AA-like
1.1725,0.7125,-0.55325497,-0.52286568,0.030389295,AA-like
1.1725,0.725,-0.6114429,-0.57854292,0.032899977,AA-like
1.1725,0.7375,-0.67426774,-0.63881883,0.035448904,AA-like
1.1725,0.75,-0.74193538,-0.70393476,0.038000625,AA-like
1.1725,0.7625,-0.8146403,-0.77412938,0.040510922,AA-like
1.1725,0.775,-0.89256157,-0.84963618,0.042925391,AA-like
1.1725,0.7875,-0.97585837,-0.93068052,0.045177857,AA-like
1.1725,0.8,-1.0646649,-1.0174763,0.047188585,AA-like
1.1725,0.8125,-1.1590843,-1.110222,0.048862273,AA-like
1.1725,0.825,-1.2591825,-1.2090967,0.050085807,AA-like
1.1725,0.8375,-1.3649805,-1.3142548,0.050725744,AA-like
1.1725,0.85,-1.476446,-1.4258205,0.050625516,AA-like
1.1725,0.8625,-1.593484,-1.5438817,0.049602305,AA-like
1.1725,0.875,-1.7159268,-1.6684832,0.047443578,AA-like
1.1725,0.8875,-1.8435216,-1.7996184,0.043903234,AA-like
1.1725,0.9,-1.9759181,-1.9372207,0.038697339,AA-like
1.1725,0.9125,-2.1126537,-2.0811543,0.031499412,AA-like
1.1725,0.925,-2.2531379,-2.2312026,0.021935205,AA-like
1.1725,0.9375,-2.3966339,-2.3870569,0.0095769625,AA-like
1.1725,0.95,-2.5422397,-2.5483026,-0.0060629186,AB-like
1.1725,0.9625,-2.6888663,-2.7144052,-0.025538849,AB-like
1.1725,0.975,-2.8352137,-2.8846934,-0.049479701,AB-like
1.1725,0.9875,-2.9797448,-3.058342,-0.0785972,AB-like
1.1725,1,-3.1206571,-3.2343522,-0.11369512,AB-like
1.1725,1.0125,-3.2558506,-3.4115299,-0.15567937,AB-like
1.1725,1.025,-3.3828937,-3.5884627,-0.20556895,AB-like
1.1725,1.0375,-3.4989856,-3.7634936,-0.26450801,AB-like
1.1725,1.05,-3.6009146,-3.9346935,-0.33377894,AB-like
1.1725,1.0625,-3.6850137,-4.0998303,-0.41481662,AB-like
1.1725,1.075,-3.7471114,-4.2563354,-0.509224,AB-like
1.1725,1.0875,-3.7824784,-4.4012674,-0.61878893,AB-like
1.1725,1.1,-3.7857699,-4.5312725,-0.74550257,AB-like
1.1725,1.1125,-3.7509623,-4.6425415,-0.89157923,AB-like
1.1725,1.125,-3.6712851,-4.7307631,-1.059478,AB-like
1.1725,1.1375,-3.5391472,-4.7910732,-1.251926,AB-like
1.1725,1.15,-3.3460563,-4.8180002,-1.471944,AB-like
1.1725,1.1625,-3.0825325,-4.8054056,-1.7228731,AB-like
1.1725,1.175,-2.7380146,-4.7464196,-2.008405,AB-like
1.1725,1.1875,-2.300759,-4.6333724,-2.3326134,AB-like
1.1725,1.2,-1.7577304,-4.4577188,-2.6999884,AB-like
1.195,0.7,-0.45451262,-0.43139759,0.023115029,AA-like
1.195,0.7125,-0.50367423,-0.47848475,0.025189481,AA-like
1.195,0.725,-0.55693718,-0.52960165,0.027335535,AA-like
1.195,0.7375,-0.61451296,-0.58497915,0.029533805,AA-like
1.195,0.75,-0.67660876,-0.64484942,0.031759337,AA-like
1.195,0.7625,-0.74342481,-0.70944413,0.033980683,AA-like
1.195,0.775,-0.8151513,-0.77899246,0.036158835,AA-like
1.195,0.7875,-0.89196478,-0.85371874,0.038246042,AA-like
1.195,0.8,-0.97402419,-0.93383972,0.040184469,AA-like
1.195,0.8125,-1.0614662,-1.0195615,0.04190469,AA-like
1.195,0.825,-1.1544001,-1.1110761,0.043324008,AA-like
1.195,0.8375,-1.2529018,-1.2085572,0.04434457,AA-like
1.195,0.85,-1.3570074,-1.3121561,0.044851268,AA-like
1.195,0.8625,-1.4667054,-1.421996,0.0447094,AA-like
1.195,0.875,-1.581929,-1.5381669,0.043762067,AA-like
1.195,0.8875,-1.7025462,-1.6607189,0.041827286,AA-like
1.195,0.9,-1.82835,-1.7896552,0.038694793,AA-like
1.195,0.9125,-1.9590464,-1.9249239,0.034122506,AA-like
1.195,0.925,-2.0942422,-2.0664096,0.027832607,AA-like
1.195,0.9375,-2.2334304,-2.2139231,0.019507239,AA-like
1.195,0.95,-2.3759748,-2.367191,0.008783748,AA-like
1.195,0.9625,-2.5210929,-2.5258435,-0.0047505372,AB-like
1.195,0.975,-2.6678369,-2.6894009,-0.02156405,AB-like
1.195,0.9875,-2.8150724,-2.8572597,-0.042187281,AB-like
1.195,1,-2.9614562,-3.0286759,-0.067219682,AB-like
1.195,1.0125,-3.1054105,-3.2027477,-0.097337218,AB-like
1.195,1.025,-3.2450959,-3.3783965,-0.13330062,AB-like
1.195,1.0375,-3.3783807,-3.5543451,-0.17596442,AB-like
1.195,1.05,-3.5028085,-3.7290953,-0.22628674,AB-like
1.195,1.0625,-3.6155622,-3.9009022,-0.28534005,AB-like
1.195,1.075,-3.7134243,-4.0677471,-0.35432282,AB-like
1.195,1.0875,-3.7927352,-4.2273074,-0.43457216,AB-like
1.195,1.1,-3.8493462,-4.3769238,-0.52757764,AB-like
1.195,1.1125,-3.8785693,-4.5135654,-0.63499618,AB-like
1.195,1.125,-3.8751226,-4.6337909,-0.75866827,AB-like
1.195,1.1375,-3.8330715,-4.733707,-0.90063552,AB-like
1.195,1.15,-3.7457637,-4.8089233,-1.0631596,AB-like
1.195,1.1625,-3.6057608,-4.8545036,-1.2487428,AB-like
1.195,1.175,-3.4047626,-4.8649127,-1.4601501,AB-like
1.195,1.1875,-3.1335266,-4.8339598,-1.7004332,AB-like
1.195,1.2,-2.7817802,-4.7547365,-1.9729563,AB-like
1.2175,0.7,-0.41422851,-0.39511639,0.019112115,AA-like
1.2175,0.7125,-0.4592197,-0.43835441,0.020865295,AA-like
1.2175,0.725,-0.50800885,-0.48531895,0.022689893,AA-like
1.2175,0.7375,-0.56080191,-0.53622934,0.024572568,AA-like
1.2175,0.75,-0.6178033,-0.59130745,0.026495854,AA-like
1.2175,0.7625,-0.67921378,-0.65077632,0.028437459,AA-like
1.2175,0.775,-0.74522802,-0.71485854,0.030369473,AA-like
1.2175,0.7875,-0.81603184,-0.78377436,0.032257474,AA-like
1.2175,0.8,-0.89179902,-0.8577395,0.03405952,AA-like
1.2175,0.8125,-0.97268765,-0.93696263,0.035725019,AA-like
1.2175,0.825,-1.058836,-1.0216426,0.037193466,AA-like
1.2175,0.8375,-1.150358,-1.111965,0.038393024,AA-like
1.2175,0.85,-1.2473378,-1.2080988,0.039238949,AA-like
1.2175,0.8625,-1.3498238,-1.310192,0.039631825,AA-like
1.2175,0.875,-1.4578225,-1.4183668,0.039455612,AA-like
1.2175,0.8875,-1.5712905,-1.532715,0.038575475,AA-like
1.2175,0.9,-1.6901267,-1.6532914,0.036835373,AA-like
1.2175,0.9125,-1.8141631,-1.7801077,0.034055401,AA-like
1.2175,0.925,-1.9431543,-1.9131254,0.030028846,AA-like
1.2175,0.9375,-2.0767664,-2.0522475,0.02451894,AA-like
1.2175,0.95,-2.2145647,-2.1973094,0.01725529,AA-like
1.2175,0.9625,-2.3559997,-2.3480697,0.0079299407,AA-like
1.2175,0.975,-2.5003917,-2.5041987,-0.003806946,AB-like
1.2175,0.9875,-2.6469148,-2.6652666,-0.018351829,AB-like
1.2175,1,-2.7945777,-2.8307307,-0.036152984,AB-like
1.2175,1.0125,-2.9422039,-2.9999201,-0.057716189,AB-like
1.2175,1.025,-3.0884099,-3.1720208,-0.08361094,AB-like
1.2175,1.0375,-3.2315803,-3.3460576,-0.11447724,AB-like
1.2175,1.05,-3.3698423,-3.5208753,-0.15103299,AB-like
1.2175,1.0625,-3.5010359,-3.695118,-0.19408208,AB-like
1.2175,1.075,-3.6226834,-3.8672065,-0.24452314,AB-like
1.2175,1.0875,-3.7319544,-4.0353134,-0.30335908,AB-like
1.2175,1.1,-3.825629,-4.1973365,-0.37170749,AB-like
1.2175,1.1125,-3.9000573,-4.3508692,-0.45081186,AB-like
1.2175,1.125,-3.9511157,-4.4931694,-0.54205378,AB-like
1.2175,1.1375,-3.9741586,-4.6211248,-0.64696614,AB-like
1.2175,1.15,-3.9639679,-4.7312153,-0.76724743,AB-like
1.2175,1.1625,-3.9146963,-4.8194735,-0.90477719,AB-like
1.2175,1.175,-3.8198077,-4.8814404,-1.0616327,AB-like
1.2175,1.1875,-3.6720117,-4.9121185,-1.2401068,AB-like
1.2175,1.2,-3.4631934,-4.9059212,-1.4427279,AB-like
1.24,0.7,-0.37809789,-0.36229907,0.015798814,AA-like
1.24,0.7125,-0.41931219,-0.40203649,0.017275699,AA-like
1.24,0.725,-0.4640406,-0.44522008,0.018820514,AA-like
1.24,0.7375,-0.51248155,-0.49205737,0.020424186,AA-like
1.24,0.75,-0.56483392,-0.54275934,0.022074582,AA-like
1.24,0.7625,-0.62129537,-0.59753939,0.023755977,AA-like
1.24,0.775,-0.68206045,-0.65661199,0.02544846,AA-like
1.24,0.7875,-0.74731841,-0.72019115,0.027127259,AA-like
1.24,0.8,-0.8172507,-0.78848872,0.028761982,AA-like
1.24,0.8125,-0.89202806,-0.86171229,0.030315767,AA-like
1.24,0.825,-0.97180729,-0.94006297,0.031744326,AA-like
1.24,0.8375,-1.0567275,-1.0237327,0.032994881,AA-like
1.24,0.85,-1.1469061,-1.1129011,0.034004968,AA-like
1.24,0.8625,-1.2424337,-1.2077326,0.034701115,AA-like
1.24,0.875,-1.3433693,-1.3083719,0.034997364,AA-like
1.24,0.8875,-1.4497341,-1.4149405,0.034793632,AA-like
1.24,0.9,-1.5615049,-1.527531,0.033973897,AA-like
1.24,0.9125,-1.678607,-1.6462028,0.032404187,AA-like
1.24,0.925,-1.8009056,-1.7709752,0.029930362,AA-like
1.24,0.9375,-1.9281972,-1.9018215,0.026375662,AA-like
1.24,0.95,-2.0601993,-2.0386613,0.021538012,AA-like
1.24,0.9625,-2.1965394,-2.1813523,0.01518705,AA-like
1.24,0.975,-2.3367427,-2.3296818,0.0070608669,AA-like
1.24,0.9875,-2.4802189,-2.4833565,-0.0031375712,AB-like
1.24,1,-2.6262472,-2.6419916,-0.015744346,AB-like
1.24,1.0125,-2.7739601,-2.805099,-0.031138881,AB-like
1.24,1.025,-2.9223254,-2.9720741,-0.049748631,AB-like
1.24,1.0375,-3.0701274,-3.1421816,-0.072054208,AB-like
1.24,1.05,-3.2159448,-3.3145397,-0.098594974,AB-like
1.24,1.0625,-3.3581279,-3.488103,-0.12997512,AB-like
1.24,1.075,-3.4947733,-3.6616436,-0.16687032,AB-like
1.24,1.0875,-3.6236962,-3.8337311,-0.2100349,AB-like
1.24,1.1,-3.7424001,-4.0027098,-0.26030969,AB-like
1.24,1.1125,-3.8480448,-4.1666754,-0.31863053,AB-like
1.24,1.125,-3.9374104,-4.3234478,-0.38603744,AB-like
1.24,1.1375,-4.0068591,-4.4705438,-0.46368464,AB-like
1.24,1.15,-4.0522938,-4.6051451,-0.55285129,AB-like
1.24,1.1625,-4.0691127,-4.7240659,-0.6549532,AB-like
1.24,1.175,-4.0521611,-4.8237165,-0.77155542,AB-like
1.24,1.1875,-3.9956782,-4.900064,-0.90438583,AB-like
1.24,1.2,-3.8932409,-4.9485907,-1.0553498,AB-like
1.2625,0.7,-0.34564506,-0.33258616,0.013058897,AA-like
1.2625,0.7125,-0.38343875,-0.36913888,0.01429987,AA-like
1.2625,0.725,-0.42448252,-0.40887902,0.015603495,AA-like
1.2625,0.7375,-0.46896607,-0.45200236,0.016963707,AA-like
1.2625,0.75,-0.51708093,-0.49870877,0.018372161,AA-like
1.2625,0.7625,-0.56901923,-0.54920139,0.019817836,AA-like
1.2625,0.775,-0.62497219,-0.6036856,0.021286585,AA-like
1.2625,0.7875,-0.68512839,-0.66236777,0.022760627,AA-like
1.2625,0.8,-0.7496718,-0.72545383,0.024217971,AA-like
1.2625,0.8125,-0.81877948,-0.79314771,0.025631774,AA-like
1.2625,0.825,-0.892619,-0.86564938,0.02696962,AA-like
1.2625,0.8375,-0.97134547,-0.94315276,0.028192713,AA-like
1.2625,0.85,-1.0550982,-1.0258433,0.029254976,AA-like
1.2625,0.8625,-1.1439971,-1.113895,0.030102048,AA-like
1.2625,0.875,-1.238138,-1.2074678,0.030670166,AA-like
1.2625,0.8875,-1.3375885,-1.3067036,0.030884928,AA-like
1.2625,0.9,-1.4423823,-1.4117223,0.030659917,AA-like
1.2625,0.9125,-1.5525132,-1.522618,0.029895182,AA-like
1.2625,0.925,-1.6679291,-1.6394535,0.028475556,AA-like
1.2625,0.9375,-1.7885239,-1.7622551,0.026268804,AA-like
1.2625,0.95,-1.9141302,-1.8910066,0.023123579,AA-like
1.2625,0.9625,-2.0445096,-2.0256425,0.018867178,AA-like
1.2625,0.975,-2.1793438,-2.1660407,0.013303067,AA-like
1.2625,0.9875,-2.3182226,-2.3120144,0.006208178,AA-like
1.2625,1,-2.460633,-2.4633031,-0.0026700655,AB-like
1.2625,1.0125,-2.6059455,-2.6195625,-0.013616995,AB-like
1.2625,1.025,-2.7533998,-2.780354,-0.026954254,AB-like
1.2625,1.0375,-2.9020891,-2.9451328,-0.043043674,AB-like
1.2625,1.05,-3.0509431,-3.1132346,-0.06229151,AB-like
1.2625,1.0625,-3.1987087,-3.2838617,-0.085153052,AB-like
1.2625,1.075,-3.3439299,-3.4560676,-0.11213765,AB-like
1.2625,1.0875,-3.4849255,-3.6287396,-0.14381415,AB-like
1.2625,1.1,-3.6197643,-3.8005812,-0.18081686,AB-like
1.2625,1.1125,-3.7462392,-3.9700912,-0.22385195,AB-like
1.2625,1.125,-3.8618383,-4.1355427,-0.27370445,AB-like
1.2625,1.1375,-3.9637136,-4.2949594,-0.33124577,AB-like
1.2625,1.15,-4.0486477,-4.4460896,-0.39744191,AB-like
1.2625,1.1625,-4.113017,-4.5863793,-0.4733623,AB-like
1.2625,1.175,-4.1527522,-4.7129415,-0.56018929,AB-like
1.2625,1.1875,-4.1632959,-4.8225244,-0.65922851,AB-like
1.2625,1.2,-4.1395565,-4.9114765,-0.77191997,AB-like
1.285,0.7,-0.31645157,-0.30565696,0.01079461,AA-like
1.285,0.7125,-0.35114628,-0.33931102,0.011835265,AA-like
1.285,0.725,-0.38884653,-0.37591404,0.012932489,AA-like
1.285,0.7375,-0.42973258,-0.41565026,0.014082318,AA-like
1.285,0.75,-0.47398755,-0.45870846,0.015279094,AA-like
1.285,0.7625,-0.52179645,-0.50528129,0.01651516,AA-like
1.285,0.775,-0.57334499,-0.55556447,0.017780519,AA-like
1.285,0.7875,-0.62881823,-0.60975577,0.019062453,AA-like
1.285,0.8,-0.68839902,-0.66805393,0.020345084,AA-like
1.285,0.8125,-0.75226616,-0.73065727,0.021608888,AA-like
1.285,0.825,-0.82059238,-0.79776223,0.02283015,AA-like
1.285,0.8375,-0.89354194,-0.8695616,0.023980349,AA-like
1.285,0.85,-0.97126798,-0.94624251,0.025025477,AA-like
1.285,0.8625,-1.0539095,-1.0279842,0.025925278,AA-like
1.285,0.875,-1.141588,-1.1149556,0.026632403,AA-like
1.285,0.8875,-1.2344035,-1.2073121,0.027091464,AA-like
1.285,0.9,-1.3324307,-1.3051927,0.027237997,AA-like
1.285,0.9125,-1.4357135,-1.4087162,0.026997307,AA-like
1.285,0.925,-1.5442606,-1.5179775,0.026283191,AA-like
1.285,0.9375,-1.6580389,-1.6330423,0.024996533,AA-like
1.285,0.95,-1.776967,-1.7539433,0.023023755,AA-like
1.285,0.9625,-1.9009087,-1.8806736,0.020235105,AA-like
1.285,0.975,-2.0296639,-2.0131812,0.016482792,AA-like
1.285,0.9875,-2.162961,-2.1513621,0.01159892,AA-like
1.285,1,-2.3004462,-2.295053,0.0053932402,AA-like
1.285,1.0125,-2.4416735,-2.4440228,-0.0023493201,AB-like
1.285,1.025,-2.5860927,-2.597964,-0.011871355,AB-like
1.285,1.0375,-2.7330368,-2.7564828,-0.023445925,AB-like
1.285,1.05,-2.8817081,-2.9190879,-0.037379774,AB-like
1.285,1.0625,-3.0311627,-3.0851795,-0.054016828,AB-like
1.285,1.075,-3.1802938,-3.2540358,-0.07374201,AB-like
1.285,1.0875,-3.3278138,-3.4247992,-0.096985383,AB-like
1.285,1.1,-3.4722344,-3.5964611,-0.12422665,AB-like
1.285,1.1125,-3.6118452,-3.7678452,-0.15600006,AB-like
1.285,1.125,-3.74469,-3.9375896,-0.19289966,AB-like
1.285,1.1375,-3.8685421,-4.1041271,-0.23558508,AB-like
1.285,1.15,-3.9808763,-4.265664,-0.28478771,AB-like
1.285,1.1625,-4.0788396,-4.4201571,-0.34131744,AB-like
1.285,1.175,-4.1592189,-4.5652888,-0.40606987,AB-like
1.285,1.1875,-4.2184064,-4.6984406,-0.48003418,AB-like
1.285,1.2,-4.2523618,-4.8166634,-0.56430152,AB-like
1.3075,0.7,-0.29014963,-0.28122546,0.0089241735,AA-like
1.3075,0.7125,-0.3220352,-0.31223973,0.0097954696,AA-like
1.3075,0.725,-0.35670048,-0.34598342,0.010717059,AA-like
1.3075,0.7375,-0.39431601,-0.38262957,0.011686442,AA-like
1.3075,0.75,-0.43505593,-0.42235607,0.012699853,AA-like
1.3075,0.7625,-0.47909713,-0.46534509,0.013752034,AA-like
1.3075,0.775,-0.52661842,-0.51178244,0.014835974,AA-like
1.3075,0.7875,-0.57779941,-0.56185679,0.015942619,AA-like
1.3075,0.8,-0.63281928,-0.61575874,0.017060539,AA-like
1.3075,0.8125,-0.69185535,-0.67367979,0.01817556,AA-like
1.3075,0.825,-0.75508143,-0.73581108,0.019270347,AA-like
1.3075,0.8375,-0.82266593,-0.80234199,0.020323941,AA-like
1.3075,0.85,-0.89476972,-0.87345849,0.021311237,AA-like
1.3075,0.8625,-0.97154375,-0.94934134,0.022202409,AA-like
1.3075,0.875,-1.0531262,-1.030164,0.022962261,AA-like
1.3075,0.8875,-1.1396397,-1.1160902,0.023549517,AA-like
1.3075,0.9,-1.2311873,-1.2072713,0.023916025,AA-like
1.3075,0.9125,-1.3278494,-1.3038436,0.02400588,AA-like
1.3075,0.925,-1.4296789,-1.4059245,0.023754454,AA-like
1.3075,0.9375,-1.5366965,-1.5136092,0.023087324,AA-like
1.3075,0.95,-1.6488856,-1.6269665,0.021919096,AA-like
1.3075,0.9625,-1.7661864,-1.7460343,0.020152103,AA-like
1.3075,0.975,-1.8884891,-1.8708141,0.017674978,AA-like
1.3075,0.9875,-2.0156273,-2.0012662,0.014361091,AA-like
1.3075,1,-2.1473696,-2.1373028,0.010066834,AA-like
1.3075,1.0125,-2.2834114,-2.2787817,0.0046297369,AA-like
1.3075,1.025,-2.423365,-2.4254986,-0.0021335813,AB-like
1.3075,1.0375,-2.5667495,-2.5771791,-0.010429658,AB-like
1.3075,1.05,-2.7129791,-2.7334698,-0.020490634,AB-like
1.3075,1.0625,-2.8613512,-2.8939281,-0.03257692,AB-like
1.3075,1.075,-3.0110319,-3.058012,-0.046980099,AB-like
1.3075,1.0875,-3.1610424,-3.2250684,-0.064026081,AB-like
1.3075,1.1,-3.3102416,-3.3943201,-0.084078535,AB-like
1.3075,1.1125,-3.4573095,-3.5648521,-0.10754261,AB-like
1.3075,1.125,-3.6007278,-3.7355968,-0.13486895,AB-like
1.3075,1.1375,-3.7387593,-3.9053174,-0.16655811,AB-like
1.3075,1.15,-3.8694254,-4.0725906,-0.20316523,AB-like
1.3075,1.1625,-3.9904819,-4.235787,-0.24530516,AB-like
1.3075,1.175,-4.0993928,-4.3930508,-0.29365802,AB-like
1.3075,1.1875,-4.1933019,-4.542277,-0.34897511,AB-like
1.3075,1.2,-4.2690024,-4.6810877,-0.41208537,AB-like
1.33,0.7,-0.26641607,-0.25903663,0.0073794422,AA-like
1.33,0.7125,-0.29575337,-0.28764533,0.0081080411,AA-like
1.33,0.725,-0.32766228,-0.31878144,0.0088808407,AA-like
1.33,0.7375,-0.36230363,-0.35260728,0.0096963479,AA-like
1.33,0.75,-0.39984229,-0.38929016,0.010552126,AA-like
1.33,0.7625,-0.44044656,-0.42900194,0.011444622,AA-like
1.33,0.775,-0.48428747,-0.4719185,0.012368966,AA-like
1.33,0.7875,-0.53153791,-0.51821916,0.013318754,AA-like
1.33,0.8,-0.58237169,-0.5680859,0.014285791,AA-like
1.33,0.8125,-0.63696235,-0.62170254,0.015259813,AA-like
1.33,0.825,-0.69548192,-0.67925375,0.01622817,AA-like
1.33,0.8375,-0.75809933,-0.74092386,0.01717547,AA-like
1.33,0.85,-0.82497875,-0.80689557,0.018083183,AA-like
1.33,0.8625,-0.89627764,-0.87734844,0.018929205,AA-like
1.33,0.875,-0.97214452,-0.95245716,0.01968736,AA-like
1.33,0.8875,-1.0527165,-1.0323897,0.020326858,AA-like
1.33,0.9,-1.1381165,-1.1173048,0.020811693,AA-like
1.33,0.9125,-1.2284502,-1.2073503,0.021099968,AA-like
1.33,0.925,-1.3238024,-1.3026593,0.021143159,AA-like
1.33,0.9375,-1.4242333,-1.403348,0.020885296,AA-like
1.33,0.95,-1.529774,-1.509512,0.020262065,AA-like
1.33,0.9625,-1.6404221,-1.6212223,0.019199817,AA-like
1.33,0.975,-1.756136,-1.7385215,0.017614476,AA-like
1.33,0.9875,-1.8768293,-1.8614189,0.015410351,AA-like
1.33,1,-2.0023643,-1.9898855,0.012478819,AA-like
1.33,1.0125,-2.1325451,-2.1238482,0.0086968956,AA-like
1.33,1.025,-2.2671096,-2.2631839,0.0039256669,AA-like
1.33,1.0375,-2.4057211,-2.4077125,-0.0019914239,AB-like
1.33,1.05,-2.5479591,-2.5571896,-0.0092304439,AB-like
1.33,1.0625,-2.693309,-2.711298,-0.017989006,AB-like
1.33,1.075,-2.841151,-2.8696395,-0.028488485,AB-like
1.33,1.0875,-2.9907479,-3.0317243,-0.040976425,AB-like
1.33,1.1,-3.141232,-3.1969612,-0.055729161,AB-like
1.33,1.1125,-3.291591,-3.3646456,-0.073054656,AB-like
1.33,1.125,-3.4406517,-3.5339472,-0.09329558,AB-like
1.33,1.1375,-3.5870637,-3.7038964,-0.11683265,AB-like
1.33,1.15,-3.729281,-3.8733692,-0.14408823,AB-like
1.33,1.1625,-3.8655417,-4.0410719,-0.17553025,AB-like
1.33,1.175,-3.9938468,-4.2055232,-0.21167641,AB-like
1.33,1.1875,-4.111937,-4.3650358,-0.25309872,AB-like
1.33,1.2,-4.2172676,-4.517696,-0.30042844,AB-like
1.3525,0.7,-0.24496688,-0.23886308,0.0061038085,AA-like
1.3525,0.7125,-0.27199058,-0.26527808,0.0067124973,AA-like
1.3525,0.725,-0.30139439,-0.2940347,0.0073596887,AA-like
1.3525,0.7375,-0.33332964,-0.32528506,0.0080445752,AA-like
1.3525,0.75,-0.36795194,-0.35918629,0.0087656447,AA-like
1.3525,0.7625,-0.40542078,-0.39590023,0.0095205483,AA-like
1.3525,0.775,-0.44589893,-0.43559298,0.010305949,AA-like
1.3525,0.7875,-0.48955181,-0.47843446,0.011117354,AA-like
1.3525,0.8,-0.53654672,-0.5245978,0.01194892,AA-like
1.3525,0.8125,-0.58705192,-0.57425868,0.01279324,AA-like
1.3525,0.825,-0.64123559,-0.62759449,0.013641102,AA-like
1.3525,0.8375,-0.69926461,-0.68478339,0.014481217,AA-like
1.3525,0.85,-0.76130323,-0.74600331,0.015299919,AA-like
1.3525,0.8625,-0.82751144,-0.81143061,0.016080825,AA-like
1.3525,0.875,-0.89804324,-0.88123878,0.01680446,AA-like
1.3525,0.8875,-0.97304461,-0.95559677,0.017447844,AA-like
1.3525,0.9,-1.0526513,-1.0346673,0.017984026,AA-like
1.3525,0.9125,-1.1369861,-1.1186046,0.018381574,AA-like
1.3525,0.925,-1.2261565,-1.2075525,0.018604006,AA-like
1.3525,0.9375,-1.3202508,-1.3016416,0.018609173,AA-like
1.3525,0.95,-1.4193353,-1.4009868,0.01834856,AA-like
1.3525,0.9625,-1.52345,-1.5056835,0.017766537,AA-like
1.3525,0.975,-1.6326044,-1.6158048,0.016799522,AA-like
1.3525,0.9875,-1.7467727,-1.7313976,0.015375071,AA-like
1.3525,1,-1.8658887,-1.8524778,0.013410869,AA-like
1.3525,1.0125,-1.9898398,-1.9790262,0.010813641,AA-like
1.3525,1.025,-2.1184609,-2.110983,0.0074779469,AA-like
1.3525,1.0375,-2.2515271,-2.2482422,0.003284874,AA-like
1.3525,1.05,-2.3887462,-2.3906456,-0.0018993927,AB-like
1.3525,1.0625,-2.5297508,-2.5379759,-0.0082251289,AB-like
1.3525,1.075,-2.6740882,-2.689949,-0.015860766,AB-like
1.3525,1.0875,-2.8212115,-2.8462063,-0.024994734,AB-like
1.3525,1.1,-2.9704681,-3.0063056,-0.035837467,AB-like
1.3525,1.1125,-3.1210879,-3.1697115,-0.048623576,AB-like
1.3525,1.125,-3.2721711,-3.3357853,-0.063614205,AB-like
1.3525,1.1375,-3.4226733,-3.5037729,-0.081099585,AB-like
1.3525,1.15,-3.5713914,-3.6727931,-0.10140179,AB-like
1.3525,1.1625,-3.7169465,-3.8418243,-0.12487775,AB-like
1.3525,1.175,-3.8577668,-4.0096892,-0.15192244,AB-like
1.3525,1.1875,-3.9920678,-4.1750402,-0.18297238,AB-like
1.3525,1.2,-4.1178324,-4.3363418,-0.2185094,AB-like
1.375,0.7,-0.22555233,-0.22050197,0.0050503569,AA-like
1.375,0.7125,-0.25047347,-0.24491497,0.005558498,AA-like
1.375,0.725,-0.2775987,-0.27149876,0.006099946,AA-like
1.375,0.7375,-0.30707012,-0.30039577,0.006674352,AA-like
1.375,0.75,-0.33903429,-0.33175345,0.0072808403,AA-like
1.375,0.7625,-0.37364186,-0.36572395,0.0079179079,AA-like
1.375,0.775,-0.41104721,-0.4024639,0.0085833091,AA-like
1.375,0.7875,-0.45140786,-0.44213393,0.0092739262,AA-like
1.375,0.8,-0.49488391,-0.48489828,0.0099856225,AA-like
1.375,0.8125,-0.54163731,-0.53092423,0.010713078,AA-like
1.375,0.825,-0.59183104,-0.58038144,0.011449604,AA-like
1.375,0.8375,-0.64562813,-0.63344119,0.012186937,AA-like
1.375,0.85,-0.70319055,-0.69027554,0.012915005,AA-like
1.375,0.8625,-0.76467796,-0.75105629,0.013621674,AA-like
1.375,0.875,-0.83024629,-0.81595383,0.014292453,AA-like
1.375,0.8875,-0.90004608,-0.88513589,0.014910185,AA-like
1.375,0.9,-0.97422066,-0.95876598,0.015454682,AA-like
1.375,0.9125,-1.0529041,-1.0370018,0.015902341,AA-like
1.375,0.925,-1.1362189,-1.1199932,0.016225707,AA-like
1.375,0.9375,-1.2242735,-1.2078805,0.016392992,AA-like
1.375,0.95,-1.3171591,-1.3007916,0.016367552,AA-like
1.375,0.9625,-1.414947,-1.3988397,0.016107304,AA-like
1.375,0.975,-1.5176845,-1.5021204,0.015564088,AA-like
1.375,0.9875,-1.6253915,-1.6107086,0.014682963,AA-like
1.375,1,-1.7380559,-1.7246544,0.013401443,AA-like
1.375,1.0125,-1.8556287,-1.8439801,0.011648656,AA-like
1.375,1.025,-1.9780194,-1.968675,0.00934442,AA-like
1.375,1.0375,-2.1050895,-2.0986913,0.0063982404,AA-like
1.375,1.05,-2.2366468,-2.2339386,0.0027082146,AA-like
1.375,1.0625,-2.3724384,-2.3742785,-0.0018401638,AB-like
1.375,1.075,-2.5121427,-2.519518,-0.0073753057,AB-like
1.375,1.0875,-2.6553622,-2.6694031,-0.01404094,AB-like
1.375,1.1,-2.8016134,-2.8236111,-0.021997653,AB-like
1.375,1.1125,-2.9503181,-2.9817427,-0.031424552,AB-like
1.375,1.125,-3.1007922,-3.1433133,-0.042521075,AB-like
1.375,1.1375,-3.2522344,-3.3077434,-0.055508953,AB-like
1.375,1.15,-3.4037138,-3.4743482,-0.070634324,AB-like
1.375,1.1625,-3.5541564,-3.6423264,-0.088170029,AB-like
1.375,1.175,-3.7023303,-3.8107484,-0.10841808,AB-like
1.375,1.1875,-3.8468304,-3.9785427,-0.13171236,AB-like
1.375,1.2,-3.9860606,-4.144482,-0.15842145,AB-like
1.3975,0.7,-0.20795262,-0.20377235,0.0041802727,AA-like
1.3975,0.7125,-0.23096106,-0.22635682,0.0046042435,AA-like
1.3975,0.725,-0.25601187,-0.250955,0.0050568684,AA-like
1.3975,0.7375,-0.28323829,-0.2777002,0.0055380972,AA-like
1.3975,0.75,-0.31277813,-0.30673064,0.0060474865,AA-like
1.3975,0.7625,-0.3447734,-0.33818928,0.006584122,AA-like
1.3975,0.775,-0.37937006,-0.37222353,0.0071465305,AA-like
1.3975,0.7875,-0.41671761,-0.40898503,0.007732581,AA-like
1.3975,0.8,-0.45696858,-0.44862921,0.0083393716,AA-like
1.3975,0.8125,-0.500278,-0.4913149,0.0089631041,AA-like
1.3975,0.825,-0.54680275,-0.53720381,0.0095989414,AA-like
1.3975,0.8375,-0.59670074,-0.58645989,0.010240849,AA-like
1.3975,0.85,-0.65013007,-0.63924865,0.010881418,AA-like
1.3975,0.8625,-0.70724798,-0.69573631,0.011511666,AA-like
1.3975,0.875,-0.76820972,-0.7560889,0.012120816,AA-like
1.3975,0.8875,-0.83316721,-0.82047116,0.012696054,AA-like
1.3975,0.9,-0.90226756,-0.88904531,0.013222254,AA-like
1.3975,0.9125,-0.97565138,-0.96196971,0.013681678,AA-like
1.3975,0.925,-1.0534509,-1.0393973,0.014053643,AA-like
1.3975,0.9375,-1.135788,-1.1214738,0.014314154,AA-like
1.3975,0.95,-1.2227715,-1.208336,0.014435495,AA-like
1.3975,0.9625,-1.3144949,-1.3001091,0.014385789,AA-like
1.3975,0.975,-1.4110335,-1.396905,0.0141285,AA-like
1.3975,0.9875,-1.5124409,-1.498819,0.0136219,AA-like
1.3975,1,-1.6187457,-1.6059273,0.012818478,AA-like
1.3975,1.0125,-1.7299475,-1.7182833,0.011664289,AA-like
1.3975,1.025,-1.8460127,-1.8359144,0.010098252,AA-like
1.3975,1.0375,-1.9668694,-1.958818,0.0080513743,AA-like
1.3975,1.05,-2.0924029,-2.086957,0.0054459114,AA-like
1.3975,1.0625,-2.2224494,-2.220255,0.0021944458,AA-like
1.3975,1.075,-2.3567902,-2.3585913,-0.0018011115,AB-like
1.3975,1.0875,-2.4951447,-2.5017953,-0.0066506086,AB-like
1.3975,1.1,-2.6371631,-2.6496399,-0.012476835,AB-like
1.3975,1.1125,-2.7824183,-2.8018351,-0.019416802,AB-like
1.3975,1.125,-2.9303974,-2.9580206,-0.027623135,AB-like
1.3975,1.1375,-3.0804919,-3.1177574,-0.037265581,AB-like
1.3975,1.15,-3.2319874,-3.28052,-0.048532632,AB-like
1.3975,1.1625,-3.3840528,-3.4456861,-0.061633297,AB-like
1.3975,1.175,-3.5357279,-3.6125269,-0.076798998,AB-like
1.3975,1.1875,-3.6859102,-3.7801959,-0.094285628,AB-like
1.3975,1.2,-3.8333413,-3.947717,-0.11437577,AB-like
1.42,0.7,-0.19197418,-0.1885127,0.0034614851,AA-like
1.42,0.7125,-0.21324076,-0.20942567,0.0038150887,AA-like
1.42,0.725,-0.23640114,-0.2322079,0.0041932345,AA-like
1.42,0.7375,-0.2615802,-0.25698414,0.0045960604,AA-like
1.42,0.75,-0.2889073,-0.28388389,0.0050234103,AA-like
1.42,0.7625,-0.3185161,-0.31304132,0.0054747749,AA-like
1.42,0.775,-0.35054432,-0.34459509,0.0059492241,AA-like
1.42,0.7875,-0.38513343,-0.3786881,0.0064453307,AA-like
1.42,0.8,-0.42242829,-0.4154672,0.0069610842,AA-like
1.42,0.8125,-0.46257668,-0.45508288,0.007493794,AA-like
1.42,0.825,-0.50572881,-0.49768883,0.0080399798,AA-like
1.42,0.8375,-0.55203669,-0.54344144,0.0085952502,AA-like
1.42,0.85,-0.60165341,-0.59249925,0.0091541658,AA-like
1.42,0.8625,-0.65473235,-0.64502226,0.0097100868,AA-like
1.42,0.875,-0.7114262,-0.7011712,0.010255004,AA-like
1.42,0.8875,-0.77188593,-0.76110658,0.010779347,AA-like
1.42,0.9,-0.83625955,-0.82498777,0.011271782,AA-like
1.42,0.9125,-0.90469076,-0.89297179,0.011718972,AA-like
1.42,0.925,-0.97731742,-0.9652121,0.012105323,AA-like
1.42,0.9375,-1.0542698,-1.0418571,0.012412705,AA-like
1.42,0.95,-1.1356687,-1.1230485,0.012620135,AA-like
1.42,0.9625,-1.2216232,-1.2089197,0.012703433,AA-like
1.42,0.975,-1.3122284,-1.2995936,0.012634847,AA-like
1.42,0.9875,-1.4075628,-1.3951802,0.012382639,AA-like
1.42,1,-1.5076853,-1.4957747,0.011910627,AA-like
1.42,1.0125,-1.6126318,-1.6014541,0.011177686,AA-like
1.42,1.025,-1.7224122,-1.712275,0.010137209,AA-like
1.42,1.0375,-1.8370057,-1.8282692,0.0087365062,AA-like
1.42,1.05,-1.9563575,-1.9494413,0.0069161592,AA-like
1.42,1.0625,-2.080373,-2.0757637,0.0046093112,AA-like
1.42,1.075,-2.2089137,-2.2071728,0.0017408974,AA-like
1.42,1.0875,-2.3417908,-2.343564,-0.0017731929,AB-like
1.42,1.1,-2.4787597,-2.4847867,-0.006027027,AB-like
1.42,1.1125,-2.6195129,-2.6306385,-0.011125617,AB-like
1.42,1.125,-2.7636728,-2.7808588,-0.017185991,AB-like
1.42,1.1375,-2.9107841,-2.9351225,-0.024338353,AB-like
1.42,1.15,-3.0603051,-3.0930325,-0.032727342,AB-like
1.42,1.1625,-3.2115983,-3.2541116,-0.042513387,AB-like
1.42,1.175,-3.3639204,-3.4177945,-0.053874176,AB-like
1.42,1.1875,-3.5164116,-3.5834178,-0.06700624,AB-like
1.42,1.2,-3.6680839,-3.7502105,-0.082126661,AB-like
1.4425,0.7,-0.17744626,-0.17457874,0.002867521,AA-like
1.4425,0.7125,-0.19712479,-0.19396244,0.0031623576,AA-like
1.4425,0.725,-0.21856068,-0.21508254,0.0034781392,AA-like
1.4425,0.7375,-0.24187086,-0.23805574,0.0038151152,AA-like
1.4425,0.75,-0.26717667,-0.26300335,0.0041733154,AA-like
1.4425,0.7625,-0.29460375,-0.29005125,0.0045525044,AA-like
1.4425,0.775,-0.32428184,-0.31932971,0.0049521302,AA-like
1.4425,0.7875,-0.35634455,-0.35097328,0.0053712645,AA-like
1.4425,0.8,-0.39092906,-0.38512052,0.0058085376,AA-like
1.4425,0.8125,-0.42817582,-0.42191376,0.0062620627,AA-like
1.4425,0.825,-0.46822808,-0.46149873,0.0067293526,AA-like
1.4425,0.8375,-0.51123145,-0.50402422,0.0072072252,AA-like
1.4425,0.85,-0.5573333,-0.5496416,0.0076916989,AA-like
1.4425,0.8625,-0.60668211,-0.59850423,0.0081778744,AA-like
1.4425,0.875,-0.65942671,-0.65076691,0.0086598044,AA-like
1.4425,0.8875,-0.71571544,-0.70658509,0.0091303483,AA-like
1.4425,0.9,-0.77569511,-0.7661141,0.0095810102,AA-like
1.4425,0.9125,-0.83950994,-0.82950818,0.010001761,AA-like
1.4425,0.925,-0.90730027,-0.89691943,0.010380839,AA-like
1.4425,0.9375,-0.97920114,-0.9684966,0.010704533,AA-like
1.4425,0.95,-1.0553407,-1.0443838,0.010956941,AA-like
1.4425,0.9625,-1.1358386,-1.1247189,0.011119706,AA-like
1.4425,0.975,-1.2208038,-1.2096321,0.011171721,AA-like
1.4425,0.9875,-1.3103324,-1.2992436,0.011088812,AA-like
1.4425,1,-1.4045056,-1.3936622,0.010843388,AA-like
1.4425,1.0125,-1.5033864,-1.4929823,0.010404052,AA-like
1.4425,1.025,-1.6070172,-1.5972821,0.0097351842,AA-like
1.4425,1.0375,-1.7154166,-1.7066201,0.0087964815,AA-like
1.4425,1.05,-1.8285752,-1.8210327,0.007542456,AA-like
1.4425,1.0625,-1.9464525,-1.9405306,0.0059218888,AA-like
1.4425,1.075,-2.0689722,-2.0650949,0.003877235,AA-like
1.4425,1.0875,-2.1960175,-2.1946735,0.0013439764,AA-like
1.4425,1.1,-2.3274263,-2.3291764,-0.0017500812,AB-like
1.4425,1.1125,-2.4629855,-2.4684711,-0.0054855712,AB-like
1.4425,1.125,-2.602425,-2.6123774,-0.0099523939,AB-like
1.4425,1.1375,-2.7454109,-2.7606616,-0.015250613,AB-like
1.4425,1.15,-2.8915391,-2.9130305,-0.021491424,AB-like
1.4425,1.1625,-3.0403266,-3.0691248,-0.028798207,AB-like
1.4425,1.175,-3.1912038,-3.2285115,-0.037307657,AB-like
1.4425,1.1875,-3.3435056,-3.3906766,-0.047171008,AB-like
1.4425,1.2,-3.4964608,-3.5550162,-0.058555352,AB-like
1.465,0.7,-0.1642181,-0.16184156,0.0023765422,AA-like
1.465,0.7125,-0.1824472,-0.17982486,0.0026223387,AA-like
1.465,0.725,-0.20230829,-0.19942233,0.002885958,AA-like
1.465,0.7375,-0.22391083,-0.22074313,0.0031677087,AA-like
1.465,0.75,-0.2473686,-0.24390086,0.0034677359,AA-like
1.465,0.7625,-0.27279956,-0.26901358,0.0037859855,AA-like
1.465,0.775,-0.3003258,-0.29620364,0.0041221646,AA-like
1.465,0.7875,-0.33007331,-0.32559761,0.0044756965,AA-like
1.465,0.8,-0.36217175,-0.35732608,0.0048456689,AA-like
1.465,0.8125,-0.39675426,-0.39152348,0.0052307768,AA-like
1.465,0.825,-0.43395704,-0.42832778,0.0056292579,AA-like
1.465,0.8375,-0.47391904,-0.46788022,0.0060388194,AA-like
1.465,0.85,-0.51678146,-0.5103249,0.0064565574,AA-like
1.465,0.8625,-0.56268724,-0.55580838,0.0068788659,AA-like
1.465,0.875,-0.61178046,-0.60447913,0.0073013358,AA-like
1.465,0.8875,-0.66420561,-0.65648697,0.0077186426,AA-like
1.465,0.9,-0.72010679,-0.71198237,0.0081244217,AA-like
1.465,0.9125,-0.77962683,-0.7711157,0.0085111302,AA-like
1.465,0.925,-0.84290623,-0.83403634,0.008869894,AA-like
1.465,0.9375,-0.91008202,-0.90089168,0.0091903387,AA-like
1.465,0.95,-0.98128644,-0.97182603,0.0094604039,AA-like
1.465,0.9625,-1.0566455,-1.0469794,0.0096661377,AA-like
1.465,0.975,-1.1362774,-1.1264859,0.0097914713,AA-like
1.465,0.9875,-1.2202906,-1.2104726,0.0098179714,AA-like
1.465,1,-1.3087821,-1.2990575,0.009724569,AA-like
1.465,1.0125,-1.4018347,-1.3923475,0.0094872614,AA-like
1.465,1.025,-1.4995154,-1.4904366,0.0090787874,AA-like
1.465,1.0375,-1.6018718,-1.5934035,0.0084682715,AA-like
1.465,1.05,-1.7089298,-1.701309,0.0076208366,AA-like
1.465,1.0625,-1.8206902,-1.814193,0.0064971806,AA-like
1.465,1.075,-1.9371249,-1.9320718,0.0050531165,AA-like
1.465,1.0875,-2.0581734,-2.0549343,0.0032390714,AA-like
1.465,1.1,-2.1837383,-2.1827388,0.00099954279,AA-like
1.465,1.1125,-2.3136809,-2.3154084,-0.0017274922,AB-like
1.465,1.125,-2.4478159,-2.4528272,-0.0050112169,AB-like
1.465,1.1375,-2.5859063,-2.594835,-0.0089286694,AB-like
1.465,1.15,-2.7276571,-2.7412226,-0.013565492,AB-like
1.465,1.1625,-2.8727089,-2.8917257,-0.019016746,AB-like
1.465,1.175,-3.0206314,-3.0460192,-0.025387785,AB-like
1.465,1.1875,-3.1709152,-3.2037104,-0.032795205,AB-like
1.465,1.2,-3.3229638,-3.3643317,-0.041367863,AB-like
1.4875,0.7,-0.15215638,-0.15018583,0.0019705421,AA-like
1.4875,0.7125,-0.16906104,-0.1668856,0.00217544,AA-like
1.4875,0.725,-0.18748249,-0.18508702,0.0023954675,AA-like
1.4875,0.7375,-0.20752317,-0.20489221,0.0026309577,AA-like
1.4875,0.75,-0.22928969,-0.22640757,0.002882122,AA-like
1.4875,0.7625,-0.2528928,-0.24974378,0.0031490223,AA-like
1.4875,0.775,-0.27844725,-0.2750157,0.0034315409,AA-like
1.4875,0.7875,-0.3060717,-0.30234235,0.0037293449,AA-like
1.4875,0.8,-0.33588856,-0.33184671,0.0040418471,AA-like
1.4875,0.8125,-0.36802375,-0.36365559,0.0043681616,AA-like
1.4875,0.825,-0.40260651,-0.39789946,0.0047070533,AA-like
1.4875,0.8375,-0.43976901,-0.43471213,0.0050568824,AA-like
1.4875,0.85,-0.47964608,-0.47423054,0.005415541,AA-like
1.4875,0.8625,-0.52237472,-0.51659434,0.0057803833,AA-like
1.4875,0.875,-0.56809364,-0.56194549,0.0061481474,AA-like
1.4875,0.8875,-0.61694268,-0.61042781,0.0065148681,AA-like
1.4875,0.9,-0.66906215,-0.66218637,0.0068757807,AA-like
1.4875,0.9125,-0.72459213,-0.71736691,0.0072252136,AA-like
1.4875,0.925,-0.78367155,-0.77611508,0.0075564703,AA-like
1.4875,0.9375,-0.84643732,-0.83857562,0.0078616983,AA-like
1.4875,0.95,-0.91302321,-0.90489147,0.0081317451,AA-like
1.4875,0.9625,-0.98355866,-0.97520266,0.008355999,AA-like
1.4875,0.975,-1.0581675,-1.0496452,0.0085222147,AA-like
1.4875,0.9875,-1.1369662,-1.1283499,0.0086163213,AA-like
1.4875,1,-1.2200628,-1.2114406,0.0086222119,AA-like
1.4875,1.0125,-1.3075544,-1.2990329,0.0085215131,AA-like
1.4875,1.025,-1.3995255,-1.3912322,0.0082933328,AA-like
1.4875,1.0375,-1.4960458,-1.4881318,0.0079139848,AA-like
1.4875,1.05,-1.5971676,-1.5898109,0.0073566883,AA-like
1.4875,1.0625,-1.7029231,-1.6963319,0.0065912397,AA-like
1.4875,1.075,-1.8133217,-1.8077381,0.0055836561,AA-like
1.4875,1.0875,-1.9283464,-1.9240506,0.0042957872,AA-like
1.4875,1.1,-2.0479504,-2.0452655,0.0026848929,AA-like
1.4875,1.1125,-2.1720534,-2.1713502,0.00070318622,AA-like
1.4875,1.125,-2.3005374,-2.30224,-0.0017026639,AB-like
1.4875,1.1375,-2.4332417,-2.4378338,-0.00459207,AB-like
1.4875,1.15,-2.5699586,-2.5779897,-0.0080311088,AB-like
1.4875,1.1625,-2.7104274,-2.7225205,-0.012093151,AB-like
1.4875,1.175,-2.8543289,-2.8711884,-0.016859539,AB-like
1.4875,1.1875,-3.001279,-3.0236993,-0.022420327,AB-like
1.4875,1.2,-3.1508218,-3.1796968,-0.028875067,AB-like
1.51,0.7,-0.14114305,-0.13950837,0.0016346768,AA-like
1.51,0.7125,-0.15683611,-0.15503063,0.0018054812,AA-like
1.51,0.725,-0.17394004,-0.17195094,0.0019891033,AA-like
1.51,0.7375,-0.1925507,-0.19036482,0.0021858784,AA-like
1.51,0.75,-0.21276799,-0.21037194,0.0023960509,AA-like
1.51,0.7625,-0.2346958,-0.23207605,0.0026197535,AA-like
1.51,0.775,-0.25844197,-0.25558499,0.0028569833,AA-like
1.51,0.7875,-0.28411816,-0.28101059,0.0031075747,AA-like
1.51,0.8,-0.31183977,-0.3084686,0.0033711691,AA-like
1.51,0.8125,-0.34172578,-0.3380786,0.0036471804,AA-like
1.51,0.825,-0.37389852,-0.36996376,0.0039347562,AA-like
1.51,0.8375,-0.40848349,-0.40425076,0.0042327343,AA-like
1.51,0.85,-0.44560905,-0.44106945,0.0045395941,AA-like
1.51,0.8625,-0.48540605,-0.48055265,0.0048534021,AA-like
1.51,0.875,-0.52800749,-0.52283574,0.0051717516,AA-like
1.51,0.8875,-0.57354802,-0.56805633,0.0054916949,AA-like
1.51,0.9,-0.62216344,-0.61635377,0.0058096686,AA-like
1.51,0.9125,-0.67399006,-0.66786865,0.0061214107,AA-like
1.51,0.925,-0.72916404,-0.72274217,0.0064218685,AA-like
1.51,0.9375,-0.78782059,-0.7811155,0.0067050972,AA-like
1.51,0.95,-0.85009311,-0.84312896,0.006964148,AA-like
1.51,0.9625,-0.91611217,-0.90892122,0.0071909447,AA-like
1.51,0.975,-0.98600443,-0.97862828,0.0073761484,AA-like
1.51,0.9875,-1.0598914,-1.0523824,0.0075090078,AA-like
1.51,1,-1.1378881,-1.1303109,0.0075771967,AA-like
1.51,1.0125,-1.2201014,-1.2125347,0.0075666345,AA-like
1.51,1.025,-1.3066285,-1.2991672,0.0074612904,AA-like
1.51,1.0375,-1.3975551,-1.3903121,0.0072429696,AA-like
1.51,1.05,-1.4929531,-1.4860621,0.00689108,AA-like
1.51,1.0625,-1.5928787,-1.5864964,0.0063823771,AA-like
1.51,1.075,-1.6973696,-1.6916789,0.0056906873,AA-like
1.51,1.0875,-1.8064425,-1.8016559,0.0047866061,AA-like
1.51,1.1,-1.9200901,-1.9164529,0.0036371703,AA-like
1.51,1.1125,-2.0382778,-2.0360723,0.0022055027,AA-like
1.51,1.125,-2.1609403,-2.1604899,0.00045042613,AA-like
1.51,1.1375,-2.2879777,-2.2896517,-0.0016739546,AB-like
1.51,1.15,-2.4192514,-2.4234701,-0.0042187049,AB-like
1.51,1.1625,-2.5545794,-2.56182,-0.0072405496,AB-like
1.51,1.175,-2.6937317,-2.7045341,-0.010802402,AB-like
1.51,1.1875,-2.8364246,-2.8513985,-0.014973932,AB-like
1.51,1.2,-2.9823153,-3.0021475,-0.019832187,AB-like
1.5325,0.7,-0.13107343,-0.12971671,0.0013567113,AA-like
1.5325,0.7125,-0.14565686,-0.14415775,0.0014991035,AA-like
1.5325,0.725,-0.16155369,-0.15990136,0.0016523372,AA-like
1.5325,0.7375,-0.17885368,-0.17703694,0.0018167354,AA-like
1.5325,0.75,-0.19765042,-0.19565786,0.0019925536,AA-like
1.5325,0.7625,-0.21804136,-0.21586139,0.0021799637,AA-like
1.5325,0.775,-0.24012778,-0.23774874,0.0023790355,AA-like
1.5325,0.7875,-0.2640147,-0.26142499,0.002589716,AA-like
1.5325,0.8,-0.28981085,-0.28699904,0.0028118052,AA-like
1.5325,0.8125,-0.31762847,-0.31458354,0.0030449301,AA-like
1.5325,0.825,-0.34758327,-0.34429476,0.0032885142,AA-like
1.5325,0.8375,-0.37979416,-0.37625241,0.0035417439,AA-like
1.5325,0.85,-0.41438306,-0.41057953,0.0038035308,AA-like
1.5325,0.8625,-0.45147465,-0.44740218,0.0040724693,AA-like
1.5325,0.875,-0.49119601,-0.48684922,0.0043467897,AA-like
1.5325,0.8875,-0.53367631,-0.529052,0.0046243056,AA-like
1.5325,0.9,-0.5790463,-0.57414395,0.0049023562,AA-like
1.5325,0.9125,-0.62743791,-0.62226017,0.0051777413,AA-like
1.5325,0.925,-0.6789836,-0.67353695,0.0054466499,AA-like
1.5325,0.9375,-0.73381577,-0.72811119,0.0057045818,AA-like
1.5325,0.95,-0.79206603,-0.78611977,0.0059462599,AA-like
1.5325,0.9625,-0.85386437,-0.84769883,0.006165535,AA-like
1.5325,0.975,-0.91933823,-0.91298295,0.0063552797,AA-like
1.5325,0.9875,-0.98861152,-0.98210425,0.0065072728,AA-like
1.5325,1,-1.0618034,-1.0551914,0.0066120724,AA-like
1.5325,1.0125,-1.1390272,-1.1323684,0.0066588765,AA-like
1.5325,1.025,-1.2203888,-1.2137534,0.0066353704,AA-like
1.5325,1.0375,-1.3059851,-1.2994575,0.006527561,AA-like
1.5325,1.05,-1.3959025,-1.3895829,0.0063195941,AA-like
1.5325,1.0625,-1.4902147,-1.4842212,0.0059935571,AA-like
1.5325,1.075,-1.5889812,-1.5834519,0.0055292632,AA-like
1.5325,1.0875,-1.6922443,-1.6873402,0.0049040161,AA-like
1.5325,1.1,-1.8000271,-1.7959347,0.0040923557,AA-like
1.5325,1.1125,-1.9123307,-1.9092649,0.0030657811,AA-like
1.5325,1.125,-2.0291312,-2.0273388,0.0017924501,AA-like
1.5325,1.1375,-2.1503767,-2.1501398,0.00023685394,AA-like
1.5325,1.15,-2.2759833,-2.2776238,-0.0016405345,AB-like
1.5325,1.1625,-2.4058317,-2.4097153,-0.0038836418,AB-like
1.5325,1.175,-2.5397631,-2.5463043,-0.0065412053,AB-like
1.5325,1.1875,-2.6775746,-2.6872418,-0.0096672174,AB-like
1.5325,1.2,-2.8190142,-2.8323356,-0.013321405,AB-like
1.555,0.7,-0.12185454,-0.12072798,0.0011265605,AA-like
1.555,0.7125,-0.13542057,-0.13417529,0.0012452799,AA-like
1.555,0.725,-0.15021029,-0.14883713,0.0013731568,AA-like
1.555,0.7375,-0.16630773,-0.16479724,0.0015104937,AA-like
1.555,0.75,-0.1838006,-0.18214305,0.0016575428,AA-like
1.555,0.7625,-0.2027803,-0.20096581,0.0018144942,AA-like
1.555,0.775,-0.22334195,-0.22136049,0.0019814609,AA-like
1.555,0.7875,-0.24558428,-0.24342582,0.0021584631,AA-like
1.555,0.8,-0.26960965,-0.26726424,0.0023454096,AA-like
1.555,0.8125,-0.29552391,-0.29298183,0.0025420771,AA-like
1.555,0.825,-0.32343633,-0.32068825,0.0027480869,AA-like
1.555,0.8375,-0.35345946,-0.35049658,0.0029628788,AA-like
1.555,0.85,-0.38570892,-0.38252324,0.0031856813,AA-like
1.555,0.8625,-0.42030322,-0.41688774,0.0034154793,AA-like
1.555,0.875,-0.45736352,-0.45371255,0.0036509773,AA-like
1.555,0.8875,-0.4970133,-0.49312274,0.0038905585,AA-like
1.555,0.9,-0.53937802,-0.53524578,0.0041322395,AA-like
1.555,0.9125,-0.58458475,-0.58021113,0.0043736205,AA-like
1.555,0.925,-0.63276166,-0.62814983,0.0046118291,AA-like
1.555,0.9375,-0.68403753,-0.67919408,0.0048434594,AA-like
1.555,0.95,-0.73854116,-0.73347666,0.0050645038,AA-like
1.555,0.9625,-0.79640065,-0.79113037,0.0052702787,AA-like
1.555,0.975,-0.85774269,-0.85228735,0.005455342,AA-like
1.555,0.9875,-0.92269167,-0.91707826,0.0056134028,AA-like
1.555,1,-0.99136877,-0.98563155,0.0057372227,AA-like
1.555,1.0125,-1.0638909,-1.0580724,0.0058185071,AA-like
1.555,1.025,-1.1403694,-1.1345217,0.0058477864,AA-like
1.555,1.0375,-1.2209092,-1.2150949,0.0058142866,AA-like
1.555,1.05,-1.3056065,-1.2999007,0.005705787,AA-like
1.555,1.0625,-1.3945483,-1.3890398,0.0055084668,AA-like
1.555,1.075,-1.4878097,-1.482603,0.0052067357,AA-like
1.555,1.0875,-1.5854528,-1.5806697,0.0047830522,AA-like
1.555,1.1,-1.6875238,-1.683306,0.0042177237,AA-like
1.555,1.1125,-1.7940514,-1.7905627,0.0034886914,AA-like
1.555,1.125,-1.9050441,-1.9024728,0.0025712958,AA-like
1.555,1.1375,-2.0204875,-2.0190494,0.0014380231,AA-like
1.555,1.15,-2.140341,-2.1402828,5.8230794e-05,AA-like
1.555,1.1625,-2.2645353,-2.2661374,-0.0016021494,AB-like
1.555,1.175,-2.3929683,-2.3965492,-0.0035809326,AB-like
1.555,1.1875,-2.5255016,-2.5314217,-0.0059200266,AB-like
1.555,1.2,-2.6619565,-2.6706223,-0.0086658063,AB-like
1.5775,0.7,-0.11340372,-0.1124678,0.00093591056,AA-like
1.5775,0.7125,-0.12603584,-0.12500094,0.0010349079,AA-like
1.5775,0.725,-0.13980904,-0.13866741,0.0011416318,AA-like
1.5775,0.7375,-0.15480198,-0.15354562,0.0012563596,AA-like
1.5775,0.75,-0.17109687,-0.16971754,0.0013793318,AA-like
1.5775,0.7625,-0.18877947,-0.18726873,0.0015107421,AA-like
1.5775,0.775,-0.20793907,-0.20628834,0.0016507268,AA-like
1.5775,0.7875,-0.22866848,-0.22686913,0.0017993518,AA-like
1.5775,0.8,-0.25106405,-0.24910745,0.0019565985,AA-like
1.5775,0.8125,-0.27522552,-0.27310318,0.0021223475,AA-like
1.5775,0.825,-0.30125604,-0.29895968,0.0022963609,AA-like
1.5775,0.8375,-0.32926198,-0.32678372,0.0024782613,AA-like
1.5775,0.85,-0.35935286,-0.35668535,0.0026675092,AA-like
1.5775,0.8625,-0.39164117,-0.38877779,0.0028633777,AA-like
1.5775,0.875,-0.42624215,-0.42317723,0.0030649234,AA-like
1.5775,0.8875,-0.46327357,-0.46000262,0.0032709551,AA-like
1.5775,0.9,-0.50285546,-0.49937546,0.0034799984,AA-like
1.5775,0.9125,-0.54510975,-0.5414195,0.0036902563,AA-like
1.5775,0.925,-0.59015995,-0.58626038,0.0038995662,AA-like
1.5775,0.9375,-0.63813065,-0.6340253,0.0041053516,AA-like
1.5775,0.95,-0.6891471,-0.68484253,0.0043045697,AA-like
1.5775,0.9625,-0.74333459,-0.73884093,0.0044936527,AA-like
1.5775,0.975,-0.80081786,-0.79614941,0.0046684436,AA-like
1.5775,0.9875,-0.86172038,-0.85689626,0.0048241262,AA-like
1.5775,1,-0.92616359,-0.92120844,0.0049551476,AA-like
1.5775,1.0125,-0.99426597,-0.98921083,0.0050551332,AA-like
1.5775,1.025,-1.0661421,-1.0610253,0.0051167944,AA-like
1.5775,1.0375,-1.1419015,-1.1367697,0.0051318274,AA-like
1.5775,1.05,-1.2216477,-1.2165569,0.0050908021,AA-like
1.5775,1.0625,-1.3054765,-1.3004934,0.0049830418,AA-like
1.5775,1.075,-1.3934747,-1.3886782,0.0047964922,AA-like
1.5775,1.0875,-1.4857188,-1.4812013,0.0045175778,AA-like
1.5775,1.1,-1.5822728,-1.5781418,0.0041310474,AA-like
1.5775,1.1125,-1.6831864,-1.6795666,0.0036198048,AA-like
1.5775,1.125,-1.7884931,-1.7855284,0.0029647264,AA-like
1.5775,1.1375,-1.8982078,-1.8960633,0.0021444631,AA-like
1.5775,1.15,-2.0123241,-2.0111889,0.0011352254,AA-like
1.5775,1.1625,-2.1308121,-2.1309016,-8.9448237e-05,AB-like
1.5775,1.175,-2.253615,-2.2551739,-0.0015589421,AB-like
1.5775,1.1875,-2.380646,-2.3839518,-0.0033058338,AB-like
1.5775,1.2,-2.511785,-2.5171511,-0.0053661864,AB-like
1.6,0.7,-0.10564728,-0.10486937,0.00077790629,AA-like
1.6,0.7125,-0.11742122,-0.11656075,0.00086047355,AA-like
1.6,0.725,-0.13026006,-0.12931051,0.000949554,AA-like
1.6,0.7375,-0.1442375,-0.1431921,0.0010453982,AA-like
1.6,0.75,-0.1594306,-0.15828237,0.0011482296,AA-like
1.6,0.7625,-0.17591983,-0.17466159,0.001258237,AA-like
1.6,0.775,-0.19378903,-0.19241347,0.0013755659,AA-like
1.6,0.7875,-0.21312546,-0.21162515,0.0015003089,AA-like
1.6,0.8,-0.23401975,-0.23238725,0.0016324943,AA-like
1.6,0.8125,-0.25656588,-0.25479381,0.0017720737,AA-like
1.6,0.825,-0.28086113,-0.27894222,0.001918908,AA-like
1.6,0.8375,-0.30700601,-0.30493326,0.002072751,AA-like
1.6,0.85,-0.33510413,-0.3328709,0.0022332323,AA-like
1.6,0.8625,-0.36526211,-0.36286228,0.0023998367,AA-like
1.6,0.875,-0.39758942,-0.39501754,0.0025718822,AA-like
1.6,0.8875,-0.43219815,-0.42944966,0.0027484951,AA-like
1.6,0.9,-0.46920286,-0.46627428,0.0029285828,AA-like
1.6,0.9125,-0.50872024,-0.50560944,0.0031108027,AA-like
1.6,0.925,-0.55086886,-0.54757533,0.0032935286,AA-like
1.6,0.9375,-0.5957688,-0.59229398,0.0034748133,AA-like
1.6,0.95,-0.64354121,-0.63988887,0.0036523471,AA-like
1.6,0.9625,-0.69430794,-0.69048453,0.0038234125,AA-like
1.6,0.975,-0.74819092,-0.74420608,0.0039848337,AA-like
1.6,0.9875,-0.80531163,-0.80117871,0.004132922,AA-like
1.6,1,-0.86579044,-0.86152703,0.0042634148,AA-like
1.6,1.0125,-0.92974588,-0.92537447,0.0043714101,AA-like
1.6,1.025,-0.99729378,-0.99284249,0.0044512931,AA-like
1.6,1.0375,-1.0685464,-1.0640498,0.0044966579,AA-like
1.6,1.05,-1.1436115,-1.1391113,0.0045002204,AA-like
1.6,1.0625,-1.222591,-1.2181373,0.0044537242,AA-like
1.6,1.075,-1.30558,-1.3012322,0.0043478379,AA-like
1.6,1.0875,-1.3926654,-1.3884933,0.0041720432,AA-like
1.6,1.1,-1.4839242,-1.4800097,0.0039145136,AA-like
1.6,1.1125,-1.5794222,-1.5758602,0.0035619822,AA-like
1.6,1.125,-1.679212,-1.6761124,0.003099599,AA-like
1.6,1.1375,-1.7833312,-1.7808204,0.0025107756,AA-like
1.6,1.15,-1.8918002,-1.8900232,0.0017770175,AA-like
1.6,1.1625,-2.00462,-2.0037422,0.0008777426,AA-like
1.6,1.175,-2.1217697,-2.1219796,-0.00020991502,AB-like
1.6,1.1875,-2.2432037,-2.244715,-0.0015113169,AB-like
1.6,1.2,-2.368849,-2.3719036,-0.0030545484,AB-like
